Overall,Name,Times Drafted,Std. Dev,High,Low,age,all_td,fumbles,fumbles_lost,g,gs,pass_att,pass_cmp,pass_int,pass_td,pass_yds,rec,rec_td,rec_yds,rec_yds_per_rec,rush_att,rush_td,rush_yds,rush_yds_per_att,targets,two_pt_md,two_pt_pass,SACK,INT,FR,FF,DEF TD,SFTY,SPC TD,FG,FGA,PCT,LG,1-19,20-29,30-39,40-49,50+,XPT,XPA,Position_DEF,Position_PK,Position_QB,Position_RB,Position_TE,Position_WR,Team_ARI,Team_ATL,Team_BAL,Team_BUF,Team_CAR,Team_CHI,Team_CIN,Team_CLE,Team_DAL,Team_DEN,Team_DET,Team_FA,Team_GB,Team_HOU,Team_IND,Team_JAX,Team_KC,Team_LAC,Team_LAR,Team_LV,Team_MIA,Team_MIN,Team_NE,Team_NO,Team_NYG,Team_NYJ,Team_PHI,Team_PIT,Team_SEA,Team_SF,Team_TB,Team_TEN,Team_WAS
1.9,Saquon Barkley,185,0.8,1,4,21.0,15.0,0.0,0.0,16.0,16.0,0.0,0.0,0.0,0.0,0.0,91.0,4.0,721.0,7.92,261.0,11.0,1307.0,5.01,121.0,1.0,0.0,0.0,0.0,0.0,0.0,0.0,0.0,0.0,0.0,0.0,0.0,0.0,0.0,0.0,0.0,0.0,0.0,0.0,0.0,0,0,0,1,0,0,0,0,0,0,0,0,0,0,0,0,0,0,0,0,0,0,0,0,0,0,0,0,0,0,1,0,0,0,0,0,0,0,0
2.4,Alvin Kamara,90,0.8,1,4,23.0,18.0,1.0,0.0,15.0,13.0,0.0,0.0,0.0,0.0,0.0,81.0,4.0,709.0,8.75,194.0,14.0,883.0,4.55,105.0,3.0,0.0,0.0,0.0,0.0,0.0,0.0,0.0,0.0,0.0,0.0,0.0,0.0,0.0,0.0,0.0,0.0,0.0,0.0,0.0,0,0,0,1,0,0,0,0,0,0,0,0,0,0,0,0,0,0,0,0,0,0,0,0,0,0,0,0,0,1,0,0,0,0,0,0,0,0,0
3.6,Christian McCaffrey,112,1.1,1,6,22.0,13.0,4.0,1.0,16.0,16.0,1.0,1.0,0.0,1.0,50.0,107.0,6.0,867.0,8.1,219.0,7.0,1098.0,5.01,124.0,0.0,0.0,0.0,0.0,0.0,0.0,0.0,0.0,0.0,0.0,0.0,0.0,0.0,0.0,0.0,0.0,0.0,0.0,0.0,0.0,0,0,0,1,0,0,0,0,0,0,1,0,0,0,0,0,0,0,0,0,0,0,0,0,0,0,0,0,0,0,0,0,0,0,0,0,0,0,0
3.8,Ezekiel Elliott,67,1.0,1,6,23.0,9.0,6.0,1.0,15.0,15.0,0.0,0.0,0.0,0.0,0.0,77.0,3.0,567.0,7.36,304.0,6.0,1434.0,4.72,95.0,0.0,0.0,0.0,0.0,0.0,0.0,0.0,0.0,0.0,0.0,0.0,0.0,0.0,0.0,0.0,0.0,0.0,0.0,0.0,0.0,0,0,0,1,0,0,0,0,0,0,0,0,0,0,1,0,0,0,0,0,0,0,0,0,0,0,0,0,0,0,0,0,0,0,0,0,0,0,0
6.1,James Conner,79,1.6,1,12,23.0,13.0,4.0,2.0,13.0,12.0,0.0,0.0,0.0,0.0,0.0,55.0,1.0,497.0,9.04,215.0,12.0,973.0,4.53,71.0,2.0,0.0,0.0,0.0,0.0,0.0,0.0,0.0,0.0,0.0,0.0,0.0,0.0,0.0,0.0,0.0,0.0,0.0,0.0,0.0,0,0,0,1,0,0,0,0,0,0,0,0,0,0,0,0,0,0,0,0,0,0,0,0,0,0,0,0,0,0,0,0,0,1,0,0,0,0,0
6.1,DeAndre Hopkins,105,1.8,1,12,26.0,11.0,2.0,2.0,16.0,16.0,1.0,0.0,0.0,0.0,0.0,115.0,11.0,1572.0,13.67,1.0,0.0,-7.0,-7.0,163.0,0.0,0.0,0.0,0.0,0.0,0.0,0.0,0.0,0.0,0.0,0.0,0.0,0.0,0.0,0.0,0.0,0.0,0.0,0.0,0.0,0,0,0,0,0,1,0,0,0,0,0,0,0,0,0,0,0,0,0,1,0,0,0,0,0,0,0,0,0,0,0,0,0,0,0,0,0,0,0
7.2,LeVeon Bell,88,2.1,1,13,0.0,0.0,0.0,0.0,0.0,0.0,0.0,0.0,0.0,0.0,0.0,0.0,0.0,0.0,0.0,0.0,0.0,0.0,0.0,0.0,0.0,0.0,0.0,0.0,0.0,0.0,0.0,0.0,0.0,0.0,0.0,0.0,0.0,0.0,0.0,0.0,0.0,0.0,0.0,0.0,0,0,0,1,0,0,0,0,0,0,0,0,0,0,0,0,0,0,0,0,0,0,0,0,0,0,0,0,0,0,0,1,0,0,0,0,0,0,0
7.2,Nick Chubb,105,2.0,4,15,23.0,10.0,0.0,0.0,16.0,9.0,0.0,0.0,0.0,0.0,0.0,20.0,2.0,149.0,7.45,192.0,8.0,996.0,5.19,29.0,0.0,0.0,0.0,0.0,0.0,0.0,0.0,0.0,0.0,0.0,0.0,0.0,0.0,0.0,0.0,0.0,0.0,0.0,0.0,0.0,0,0,0,1,0,0,0,0,0,0,0,0,0,1,0,0,0,0,0,0,0,0,0,0,0,0,0,0,0,0,0,0,0,0,0,0,0,0,0
9.2,Davante Adams,108,2.0,4,16,26.0,13.0,0.0,0.0,15.0,15.0,0.0,0.0,0.0,0.0,0.0,111.0,13.0,1386.0,12.49,0.0,0.0,0.0,0.0,169.0,1.0,0.0,0.0,0.0,0.0,0.0,0.0,0.0,0.0,0.0,0.0,0.0,0.0,0.0,0.0,0.0,0.0,0.0,0.0,0.0,0,0,0,0,0,1,0,0,0,0,0,0,0,0,0,0,0,0,1,0,0,0,0,0,0,0,0,0,0,0,0,0,0,0,0,0,0,0,0
10.6,Dalvin Cook,115,2.1,5,15,23.0,4.0,2.0,2.0,11.0,10.0,0.0,0.0,0.0,0.0,0.0,40.0,2.0,305.0,7.63,133.0,2.0,615.0,4.62,49.0,0.0,0.0,0.0,0.0,0.0,0.0,0.0,0.0,0.0,0.0,0.0,0.0,0.0,0.0,0.0,0.0,0.0,0.0,0.0,0.0,0,0,0,1,0,0,0,0,0,0,0,0,0,0,0,0,0,0,0,0,0,0,0,0,0,0,0,1,0,0,0,0,0,0,0,0,0,0,0
10.9,Julio Jones,93,2.1,5,16,29.0,8.0,2.0,2.0,16.0,16.0,0.0,0.0,0.0,0.0,0.0,113.0,8.0,1677.0,14.84,2.0,0.0,12.0,6.0,170.0,0.0,0.0,0.0,0.0,0.0,0.0,0.0,0.0,0.0,0.0,0.0,0.0,0.0,0.0,0.0,0.0,0.0,0.0,0.0,0.0,0,0,0,0,0,1,0,1,0,0,0,0,0,0,0,0,0,0,0,0,0,0,0,0,0,0,0,0,0,0,0,0,0,0,0,0,0,0,0
11.4,Todd Gurley,117,2.3,6,18,24.0,21.0,1.0,1.0,14.0,14.0,0.0,0.0,0.0,0.0,0.0,59.0,4.0,580.0,9.83,256.0,17.0,1251.0,4.89,81.0,3.0,0.0,0.0,0.0,0.0,0.0,0.0,0.0,0.0,0.0,0.0,0.0,0.0,0.0,0.0,0.0,0.0,0.0,0.0,0.0,0,0,0,1,0,0,0,0,0,0,0,0,0,0,0,0,0,0,0,0,0,0,0,0,1,0,0,0,0,0,0,0,0,0,0,0,0,0,0
12.9,Tyreek Hill,120,2.4,6,17,24.0,14.0,0.0,0.0,16.0,16.0,0.0,0.0,0.0,0.0,0.0,87.0,12.0,1479.0,17.0,22.0,1.0,151.0,6.86,137.0,0.0,0.0,0.0,0.0,0.0,0.0,0.0,0.0,0.0,0.0,0.0,0.0,0.0,0.0,0.0,0.0,0.0,0.0,0.0,0.0,0,0,0,0,0,1,0,0,0,0,0,0,0,0,0,0,0,0,0,0,0,0,1,0,0,0,0,0,0,0,0,0,0,0,0,0,0,0,0
12.9,Michael Thomas,127,2.2,7,19,25.0,9.0,2.0,2.0,16.0,16.0,0.0,0.0,0.0,0.0,0.0,125.0,9.0,1405.0,11.24,0.0,0.0,0.0,0.0,147.0,0.0,0.0,0.0,0.0,0.0,0.0,0.0,0.0,0.0,0.0,0.0,0.0,0.0,0.0,0.0,0.0,0.0,0.0,0.0,0.0,0,0,0,0,0,1,0,0,0,0,0,0,0,0,0,0,0,0,0,0,0,0,0,0,0,0,0,0,0,1,0,0,0,0,0,0,0,0,0
14.2,David Johnson,225,4.4,5,27,27.0,10.0,3.0,2.0,16.0,16.0,0.0,0.0,0.0,0.0,0.0,50.0,3.0,446.0,8.92,258.0,7.0,940.0,3.64,76.0,1.0,0.0,0.0,0.0,0.0,0.0,0.0,0.0,0.0,0.0,0.0,0.0,0.0,0.0,0.0,0.0,0.0,0.0,0.0,0.0,0,0,0,1,0,0,1,0,0,0,0,0,0,0,0,0,0,0,0,0,0,0,0,0,0,0,0,0,0,0,0,0,0,0,0,0,0,0,0
14.9,Odell Beckham Jr,149,2.2,10,21,26.0,6.0,2.0,1.0,12.0,12.0,2.0,2.0,0.0,2.0,106.0,77.0,6.0,1052.0,13.66,5.0,0.0,19.0,3.8,124.0,0.0,0.0,0.0,0.0,0.0,0.0,0.0,0.0,0.0,0.0,0.0,0.0,0.0,0.0,0.0,0.0,0.0,0.0,0.0,0.0,0,0,0,0,0,1,0,0,0,0,0,0,0,1,0,0,0,0,0,0,0,0,0,0,0,0,0,0,0,0,0,0,0,0,0,0,0,0,0
15.9,JuJu Smith-Schuster,125,2.3,11,22,22.0,7.0,1.0,1.0,16.0,13.0,0.0,0.0,0.0,0.0,0.0,111.0,7.0,1426.0,12.85,1.0,0.0,13.0,13.0,166.0,1.0,0.0,0.0,0.0,0.0,0.0,0.0,0.0,0.0,0.0,0.0,0.0,0.0,0.0,0.0,0.0,0.0,0.0,0.0,0.0,0,0,0,0,0,1,0,0,0,0,0,0,0,0,0,0,0,0,0,0,0,0,0,0,0,0,0,0,0,0,0,0,0,1,0,0,0,0,0
16.4,Patrick Mahomes,94,7.1,1,27,23.0,2.0,9.0,2.0,16.0,16.0,580.0,383.0,12.0,50.0,5097.0,0.0,0.0,0.0,0.0,60.0,2.0,272.0,4.53,0.0,1.0,0.0,0.0,0.0,0.0,0.0,0.0,0.0,0.0,0.0,0.0,0.0,0.0,0.0,0.0,0.0,0.0,0.0,0.0,0.0,0,0,1,0,0,0,0,0,0,0,0,0,0,0,0,0,0,0,0,0,0,0,1,0,0,0,0,0,0,0,0,0,0,0,0,0,0,0,0
16.4,Joe Mixon,119,3.4,7,23,22.0,9.0,0.0,0.0,14.0,13.0,0.0,0.0,0.0,0.0,0.0,43.0,1.0,296.0,6.88,237.0,8.0,1168.0,4.93,55.0,0.0,0.0,0.0,0.0,0.0,0.0,0.0,0.0,0.0,0.0,0.0,0.0,0.0,0.0,0.0,0.0,0.0,0.0,0.0,0.0,0,0,0,1,0,0,0,0,0,0,0,0,1,0,0,0,0,0,0,0,0,0,0,0,0,0,0,0,0,0,0,0,0,0,0,0,0,0,0
17.8,Travis Kelce,114,3.5,8,24,29.0,10.0,2.0,1.0,16.0,16.0,0.0,0.0,0.0,0.0,0.0,103.0,10.0,1336.0,12.97,0.0,0.0,0.0,0.0,150.0,0.0,0.0,0.0,0.0,0.0,0.0,0.0,0.0,0.0,0.0,0.0,0.0,0.0,0.0,0.0,0.0,0.0,0.0,0.0,0.0,0,0,0,0,1,0,0,0,0,0,0,0,0,0,0,0,0,0,0,0,0,0,1,0,0,0,0,0,0,0,0,0,0,0,0,0,0,0,0
20.3,Leonard Fournette,111,2.7,13,27,23.0,6.0,0.0,0.0,8.0,8.0,0.0,0.0,0.0,0.0,0.0,22.0,1.0,185.0,8.41,133.0,5.0,439.0,3.3,26.0,0.0,0.0,0.0,0.0,0.0,0.0,0.0,0.0,0.0,0.0,0.0,0.0,0.0,0.0,0.0,0.0,0.0,0.0,0.0,0.0,0,0,0,1,0,0,0,0,0,0,0,0,0,0,0,0,0,0,0,0,0,1,0,0,0,0,0,0,0,0,0,0,0,0,0,0,0,0,0
21.5,Mike Evans,133,2.0,16,28,25.0,9.0,2.0,1.0,16.0,16.0,0.0,0.0,0.0,0.0,0.0,86.0,8.0,1524.0,17.72,0.0,0.0,0.0,0.0,138.0,0.0,0.0,0.0,0.0,0.0,0.0,0.0,0.0,0.0,0.0,0.0,0.0,0.0,0.0,0.0,0.0,0.0,0.0,0.0,0.0,0,0,0,0,0,1,0,0,0,0,0,0,0,0,0,0,0,0,0,0,0,0,0,0,0,0,0,0,0,0,0,0,0,0,0,0,1,0,0
22.9,Chris Carson,127,3.0,15,30,24.0,9.0,3.0,2.0,14.0,14.0,0.0,0.0,0.0,0.0,0.0,20.0,0.0,163.0,8.15,247.0,9.0,1151.0,4.66,24.0,0.0,0.0,0.0,0.0,0.0,0.0,0.0,0.0,0.0,0.0,0.0,0.0,0.0,0.0,0.0,0.0,0.0,0.0,0.0,0.0,0,0,0,1,0,0,0,0,0,0,0,0,0,0,0,0,0,0,0,0,0,0,0,0,0,0,0,0,0,0,0,0,0,0,1,0,0,0,0
23.3,Antonio Brown,129,3.0,15,30,30.0,15.0,0.0,0.0,15.0,15.0,1.0,0.0,0.0,0.0,0.0,104.0,15.0,1297.0,12.47,0.0,0.0,0.0,0.0,168.0,0.0,0.0,0.0,0.0,0.0,0.0,0.0,0.0,0.0,0.0,0.0,0.0,0.0,0.0,0.0,0.0,0.0,0.0,0.0,0.0,0,0,0,0,0,1,0,0,0,0,0,0,0,0,0,0,0,0,0,0,0,0,0,0,0,0,0,0,1,0,0,0,0,0,0,0,0,0,0
24.6,Damien Williams,66,3.0,17,34,26.0,6.0,1.0,1.0,16.0,3.0,0.0,0.0,0.0,0.0,0.0,23.0,2.0,160.0,6.96,50.0,4.0,256.0,5.12,24.0,0.0,0.0,0.0,0.0,0.0,0.0,0.0,0.0,0.0,0.0,0.0,0.0,0.0,0.0,0.0,0.0,0.0,0.0,0.0,0.0,0,0,0,1,0,0,0,0,0,0,0,0,0,0,0,0,0,0,0,0,0,0,1,0,0,0,0,0,0,0,0,0,0,0,0,0,0,0,0
25.5,Aaron Jones,112,3.7,15,33,24.0,9.0,1.0,1.0,12.0,8.0,0.0,0.0,0.0,0.0,0.0,26.0,1.0,206.0,7.92,133.0,8.0,728.0,5.47,35.0,0.0,0.0,0.0,0.0,0.0,0.0,0.0,0.0,0.0,0.0,0.0,0.0,0.0,0.0,0.0,0.0,0.0,0.0,0.0,0.0,0,0,0,1,0,0,0,0,0,0,0,0,0,0,0,0,0,0,1,0,0,0,0,0,0,0,0,0,0,0,0,0,0,0,0,0,0,0,0
26.0,Adam Thielen,109,2.7,18,32,28.0,9.0,1.0,1.0,16.0,16.0,0.0,0.0,0.0,0.0,0.0,113.0,9.0,1373.0,12.15,5.0,0.0,30.0,6.0,153.0,1.0,0.0,0.0,0.0,0.0,0.0,0.0,0.0,0.0,0.0,0.0,0.0,0.0,0.0,0.0,0.0,0.0,0.0,0.0,0.0,0,0,0,0,0,1,0,0,0,0,0,0,0,0,0,0,0,0,0,0,0,0,0,0,0,0,0,1,0,0,0,0,0,0,0,0,0,0,0
27.8,Keenan Allen,91,2.5,21,35,26.0,6.0,3.0,1.0,16.0,14.0,0.0,0.0,0.0,0.0,0.0,97.0,6.0,1196.0,12.33,9.0,0.0,75.0,8.33,136.0,1.0,0.0,0.0,0.0,0.0,0.0,0.0,0.0,0.0,0.0,0.0,0.0,0.0,0.0,0.0,0.0,0.0,0.0,0.0,0.0,0,0,0,0,0,1,0,0,0,0,0,0,0,0,0,0,0,0,0,0,0,0,0,1,0,0,0,0,0,0,0,0,0,0,0,0,0,0,0
28.0,Josh Jacobs,79,3.7,18,36,0.0,0.0,0.0,0.0,0.0,0.0,0.0,0.0,0.0,0.0,0.0,0.0,0.0,0.0,0.0,0.0,0.0,0.0,0.0,0.0,0.0,0.0,0.0,0.0,0.0,0.0,0.0,0.0,0.0,0.0,0.0,0.0,0.0,0.0,0.0,0.0,0.0,0.0,0.0,0.0,0,0,0,1,0,0,0,0,0,0,0,0,0,0,0,0,0,0,0,0,0,0,0,0,0,1,0,0,0,0,0,0,0,0,0,0,0,0,0
28.5,Kerryon Johnson,131,3.2,20,38,21.0,4.0,1.0,1.0,10.0,7.0,0.0,0.0,0.0,0.0,0.0,32.0,1.0,213.0,6.66,118.0,3.0,641.0,5.43,39.0,0.0,0.0,0.0,0.0,0.0,0.0,0.0,0.0,0.0,0.0,0.0,0.0,0.0,0.0,0.0,0.0,0.0,0.0,0.0,0.0,0,0,0,1,0,0,0,0,0,0,0,0,0,0,0,0,1,0,0,0,0,0,0,0,0,0,0,0,0,0,0,0,0,0,0,0,0,0,0
29.1,David Montgomery,103,3.3,20,36,0.0,0.0,0.0,0.0,0.0,0.0,0.0,0.0,0.0,0.0,0.0,0.0,0.0,0.0,0.0,0.0,0.0,0.0,0.0,0.0,0.0,0.0,0.0,0.0,0.0,0.0,0.0,0.0,0.0,0.0,0.0,0.0,0.0,0.0,0.0,0.0,0.0,0.0,0.0,0.0,0,0,0,1,0,0,0,0,0,0,0,1,0,0,0,0,0,0,0,0,0,0,0,0,0,0,0,0,0,0,0,0,0,0,0,0,0,0,0
31.1,George Kittle,100,5.0,18,43,25.0,5.0,0.0,0.0,16.0,16.0,0.0,0.0,0.0,0.0,0.0,88.0,5.0,1377.0,15.65,1.0,0.0,10.0,10.0,136.0,1.0,0.0,0.0,0.0,0.0,0.0,0.0,0.0,0.0,0.0,0.0,0.0,0.0,0.0,0.0,0.0,0.0,0.0,0.0,0.0,0,0,0,0,1,0,0,0,0,0,0,0,0,0,0,0,0,0,0,0,0,0,0,0,0,0,0,0,0,0,0,0,0,0,0,1,0,0,0
31.7,Devonta Freeman,164,3.6,22,39,26.0,0.0,0.0,0.0,2.0,2.0,0.0,0.0,0.0,0.0,0.0,5.0,0.0,23.0,4.6,14.0,0.0,68.0,4.86,7.0,0.0,0.0,0.0,0.0,0.0,0.0,0.0,0.0,0.0,0.0,0.0,0.0,0.0,0.0,0.0,0.0,0.0,0.0,0.0,0.0,0,0,0,1,0,0,0,1,0,0,0,0,0,0,0,0,0,0,0,0,0,0,0,0,0,0,0,0,0,0,0,0,0,0,0,0,0,0,0
33.8,Sony Michel,153,3.0,25,44,23.0,6.0,1.0,1.0,13.0,8.0,0.0,0.0,0.0,0.0,0.0,7.0,0.0,50.0,7.14,209.0,6.0,931.0,4.45,11.0,0.0,0.0,0.0,0.0,0.0,0.0,0.0,0.0,0.0,0.0,0.0,0.0,0.0,0.0,0.0,0.0,0.0,0.0,0.0,0.0,0,0,0,1,0,0,0,0,0,0,0,0,0,0,0,0,0,0,0,0,0,0,0,0,0,0,0,0,1,0,0,0,0,0,0,0,0,0,0
33.9,Amari Cooper,134,4.4,22,44,24.0,7.0,2.0,2.0,15.0,15.0,0.0,0.0,0.0,0.0,0.0,75.0,7.0,1005.0,13.4,2.0,0.0,20.0,10.0,107.0,0.0,0.0,0.0,0.0,0.0,0.0,0.0,0.0,0.0,0.0,0.0,0.0,0.0,0.0,0.0,0.0,0.0,0.0,0.0,0.0,0,0,0,0,0,1,0,0,0,0,0,0,0,0,1,0,0,0,0,0,0,0,0,0,0,0,0,0,0,0,0,0,0,0,0,0,0,0,0
35.4,Derrick Henry,124,5.0,22,48,24.0,12.0,1.0,1.0,16.0,12.0,3.0,2.0,0.0,0.0,14.0,15.0,0.0,99.0,6.6,215.0,12.0,1059.0,4.93,18.0,0.0,0.0,0.0,0.0,0.0,0.0,0.0,0.0,0.0,0.0,0.0,0.0,0.0,0.0,0.0,0.0,0.0,0.0,0.0,0.0,0,0,0,1,0,0,0,0,0,0,0,0,0,0,0,0,0,0,0,0,0,0,0,0,0,0,0,0,0,0,0,0,0,0,0,0,0,1,0
36.6,Stefon Diggs,109,3.9,26,45,25.0,9.0,0.0,0.0,15.0,14.0,0.0,0.0,0.0,0.0,0.0,102.0,9.0,1021.0,10.01,10.0,0.0,62.0,6.2,149.0,1.0,0.0,0.0,0.0,0.0,0.0,0.0,0.0,0.0,0.0,0.0,0.0,0.0,0.0,0.0,0.0,0.0,0.0,0.0,0.0,0,0,0,0,0,1,0,0,0,0,0,0,0,0,0,0,0,0,0,0,0,0,0,0,0,0,0,1,0,0,0,0,0,0,0,0,0,0,0
37.3,Zach Ertz,105,4.5,25,48,28.0,8.0,1.0,0.0,16.0,16.0,0.0,0.0,0.0,0.0,0.0,116.0,8.0,1163.0,10.03,0.0,0.0,0.0,0.0,156.0,0.0,0.0,0.0,0.0,0.0,0.0,0.0,0.0,0.0,0.0,0.0,0.0,0.0,0.0,0.0,0.0,0.0,0.0,0.0,0.0,0,0,0,0,1,0,0,0,0,0,0,0,0,0,0,0,0,0,0,0,0,0,0,0,0,0,0,0,0,0,0,0,1,0,0,0,0,0,0
37.5,Mark Ingram,117,3.5,28,48,29.0,7.0,3.0,1.0,12.0,6.0,0.0,0.0,0.0,0.0,0.0,21.0,1.0,170.0,8.1,138.0,6.0,645.0,4.67,27.0,0.0,0.0,0.0,0.0,0.0,0.0,0.0,0.0,0.0,0.0,0.0,0.0,0.0,0.0,0.0,0.0,0.0,0.0,0.0,0.0,0,0,0,1,0,0,0,0,1,0,0,0,0,0,0,0,0,0,0,0,0,0,0,0,0,0,0,0,0,0,0,0,0,0,0,0,0,0,0
38.9,Brandin Cooks,115,3.9,28,47,25.0,6.0,1.0,0.0,16.0,16.0,0.0,0.0,0.0,0.0,0.0,80.0,5.0,1204.0,15.05,10.0,1.0,68.0,6.8,117.0,0.0,0.0,0.0,0.0,0.0,0.0,0.0,0.0,0.0,0.0,0.0,0.0,0.0,0.0,0.0,0.0,0.0,0.0,0.0,0.0,0,0,0,0,0,1,0,0,0,0,0,0,0,0,0,0,0,0,0,0,0,0,0,0,1,0,0,0,0,0,0,0,0,0,0,0,0,0,0
40.3,Melvin Gordon,60,5.6,25,50,25.0,14.0,1.0,0.0,12.0,12.0,0.0,0.0,0.0,0.0,0.0,50.0,4.0,490.0,9.8,175.0,10.0,885.0,5.06,66.0,2.0,0.0,0.0,0.0,0.0,0.0,0.0,0.0,0.0,0.0,0.0,0.0,0.0,0.0,0.0,0.0,0.0,0.0,0.0,0.0,0,0,0,1,0,0,0,0,0,0,0,0,0,0,0,0,0,0,0,0,0,0,0,1,0,0,0,0,0,0,0,0,0,0,0,0,0,0,0
41.5,Marlon Mack,134,4.2,30,53,22.0,10.0,2.0,2.0,12.0,10.0,0.0,0.0,0.0,0.0,0.0,17.0,1.0,103.0,6.06,195.0,9.0,908.0,4.66,26.0,2.0,0.0,0.0,0.0,0.0,0.0,0.0,0.0,0.0,0.0,0.0,0.0,0.0,0.0,0.0,0.0,0.0,0.0,0.0,0.0,0,0,0,1,0,0,0,0,0,0,0,0,0,0,0,0,0,0,0,0,1,0,0,0,0,0,0,0,0,0,0,0,0,0,0,0,0,0,0
41.7,Deshaun Watson,65,7.3,23,54,23.0,5.0,9.0,3.0,16.0,16.0,505.0,345.0,9.0,26.0,4165.0,0.0,0.0,0.0,0.0,99.0,5.0,551.0,5.57,0.0,0.0,0.0,0.0,0.0,0.0,0.0,0.0,0.0,0.0,0.0,0.0,0.0,0.0,0.0,0.0,0.0,0.0,0.0,0.0,0.0,0,0,1,0,0,0,0,0,0,0,0,0,0,0,0,0,0,0,0,1,0,0,0,0,0,0,0,0,0,0,0,0,0,0,0,0,0,0,0
42.5,Tyler Lockett,119,3.1,34,50,26.0,10.0,2.0,0.0,16.0,14.0,0.0,0.0,0.0,0.0,0.0,57.0,10.0,965.0,16.93,13.0,0.0,69.0,5.31,70.0,1.0,0.0,0.0,0.0,0.0,0.0,0.0,0.0,0.0,0.0,0.0,0.0,0.0,0.0,0.0,0.0,0.0,0.0,0.0,0.0,0,0,0,0,0,1,0,0,0,0,0,0,0,0,0,0,0,0,0,0,0,0,0,0,0,0,0,0,0,0,0,0,0,0,1,0,0,0,0
43.3,Chris Godwin,76,4.0,32,54,22.0,7.0,4.0,1.0,16.0,5.0,0.0,0.0,0.0,0.0,0.0,59.0,7.0,842.0,14.27,0.0,0.0,0.0,0.0,95.0,1.0,0.0,0.0,0.0,0.0,0.0,0.0,0.0,0.0,0.0,0.0,0.0,0.0,0.0,0.0,0.0,0.0,0.0,0.0,0.0,0,0,0,0,0,1,0,0,0,0,0,0,0,0,0,0,0,0,0,0,0,0,0,0,0,0,0,0,0,0,0,0,0,0,0,0,1,0,0
44.0,Robert Woods,100,3.5,34,51,26.0,7.0,0.0,0.0,16.0,16.0,0.0,0.0,0.0,0.0,0.0,86.0,6.0,1219.0,14.17,19.0,1.0,157.0,8.26,130.0,0.0,0.0,0.0,0.0,0.0,0.0,0.0,0.0,0.0,0.0,0.0,0.0,0.0,0.0,0.0,0.0,0.0,0.0,0.0,0.0,0,0,0,0,0,1,0,0,0,0,0,0,0,0,0,0,0,0,0,0,0,0,0,0,1,0,0,0,0,0,0,0,0,0,0,0,0,0,0
46.0,Julian Edelman,116,4.8,33,59,32.0,6.0,1.0,0.0,12.0,12.0,2.0,2.0,0.0,0.0,43.0,74.0,6.0,850.0,11.49,9.0,0.0,107.0,11.89,108.0,0.0,0.0,0.0,0.0,0.0,0.0,0.0,0.0,0.0,0.0,0.0,0.0,0.0,0.0,0.0,0.0,0.0,0.0,0.0,0.0,0,0,0,0,0,1,0,0,0,0,0,0,0,0,0,0,0,0,0,0,0,0,0,0,0,0,0,0,1,0,0,0,0,0,0,0,0,0,0
47.1,Phillip Lindsay,113,5.6,32,63,24.0,10.0,0.0,0.0,15.0,8.0,0.0,0.0,0.0,0.0,0.0,35.0,1.0,241.0,6.89,192.0,9.0,1037.0,5.4,47.0,0.0,0.0,0.0,0.0,0.0,0.0,0.0,0.0,0.0,0.0,0.0,0.0,0.0,0.0,0.0,0.0,0.0,0.0,0.0,0.0,0,0,0,1,0,0,0,0,0,0,0,0,0,0,0,1,0,0,0,0,0,0,0,0,0,0,0,0,0,0,0,0,0,0,0,0,0,0,0
48.7,Tevin Coleman,106,5.4,36,67,25.0,9.0,2.0,0.0,16.0,14.0,0.0,0.0,0.0,0.0,0.0,32.0,5.0,276.0,8.63,167.0,4.0,800.0,4.79,44.0,0.0,0.0,0.0,0.0,0.0,0.0,0.0,0.0,0.0,0.0,0.0,0.0,0.0,0.0,0.0,0.0,0.0,0.0,0.0,0.0,0,0,0,1,0,0,0,0,0,0,0,0,0,0,0,0,0,0,0,0,0,0,0,0,0,0,0,0,0,0,0,0,0,0,0,1,0,0,0
49.1,Cooper Kupp,76,4.4,37,58,25.0,6.0,0.0,0.0,8.0,8.0,0.0,0.0,0.0,0.0,0.0,40.0,6.0,566.0,14.15,4.0,0.0,25.0,6.25,55.0,0.0,0.0,0.0,0.0,0.0,0.0,0.0,0.0,0.0,0.0,0.0,0.0,0.0,0.0,0.0,0.0,0.0,0.0,0.0,0.0,0,0,0,0,0,1,0,0,0,0,0,0,0,0,0,0,0,0,0,0,0,0,0,0,1,0,0,0,0,0,0,0,0,0,0,0,0,0,0
49.5,Miles Sanders,80,5.5,37,60,0.0,0.0,0.0,0.0,0.0,0.0,0.0,0.0,0.0,0.0,0.0,0.0,0.0,0.0,0.0,0.0,0.0,0.0,0.0,0.0,0.0,0.0,0.0,0.0,0.0,0.0,0.0,0.0,0.0,0.0,0.0,0.0,0.0,0.0,0.0,0.0,0.0,0.0,0.0,0.0,0,0,0,1,0,0,0,0,0,0,0,0,0,0,0,0,0,0,0,0,0,0,0,0,0,0,0,0,0,0,0,0,1,0,0,0,0,0,0
50.4,Josh Gordon,97,4.6,38,62,27.0,4.0,0.0,0.0,12.0,12.0,0.0,0.0,0.0,0.0,0.0,41.0,4.0,737.0,17.98,0.0,0.0,0.0,0.0,71.0,0.0,0.0,0.0,0.0,0.0,0.0,0.0,0.0,0.0,0.0,0.0,0.0,0.0,0.0,0.0,0.0,0.0,0.0,0.0,0.0,0,0,0,0,0,1,0,0,0,0,0,0,0,0,0,0,0,0,0,0,0,0,0,0,0,0,0,0,0,0,0,0,0,0,1,0,0,0,0
52.0,T.Y. Hilton,125,4.2,43,66,29.0,6.0,0.0,0.0,14.0,14.0,0.0,0.0,0.0,0.0,0.0,76.0,6.0,1270.0,16.71,0.0,0.0,0.0,0.0,120.0,0.0,0.0,0.0,0.0,0.0,0.0,0.0,0.0,0.0,0.0,0.0,0.0,0.0,0.0,0.0,0.0,0.0,0.0,0.0,0.0,0,0,0,0,0,1,0,0,0,0,0,0,0,0,0,0,0,0,0,0,1,0,0,0,0,0,0,0,0,0,0,0,0,0,0,0,0,0,0
52.2,Aaron Rodgers,86,5.0,39,61,35.0,2.0,6.0,3.0,16.0,16.0,597.0,372.0,2.0,25.0,4442.0,0.0,0.0,0.0,0.0,43.0,2.0,269.0,6.26,0.0,1.0,2.0,0.0,0.0,0.0,0.0,0.0,0.0,0.0,0.0,0.0,0.0,0.0,0.0,0.0,0.0,0.0,0.0,0.0,0.0,0,0,1,0,0,0,0,0,0,0,0,0,0,0,0,0,0,0,1,0,0,0,0,0,0,0,0,0,0,0,0,0,0,0,0,0,0,0,0
53.0,Kenny Golladay,137,5.4,41,68,25.0,5.0,1.0,0.0,15.0,13.0,0.0,0.0,0.0,0.0,0.0,70.0,5.0,1063.0,15.19,1.0,0.0,8.0,8.0,119.0,0.0,0.0,0.0,0.0,0.0,0.0,0.0,0.0,0.0,0.0,0.0,0.0,0.0,0.0,0.0,0.0,0.0,0.0,0.0,0.0,0,0,0,0,0,1,0,0,0,0,0,0,0,0,0,0,1,0,0,0,0,0,0,0,0,0,0,0,0,0,0,0,0,0,0,0,0,0,0
54.1,O.J. Howard,62,5.9,38,65,24.0,5.0,0.0,0.0,10.0,8.0,0.0,0.0,0.0,0.0,0.0,34.0,5.0,565.0,16.62,0.0,0.0,0.0,0.0,48.0,0.0,0.0,0.0,0.0,0.0,0.0,0.0,0.0,0.0,0.0,0.0,0.0,0.0,0.0,0.0,0.0,0.0,0.0,0.0,0.0,0,0,0,0,1,0,0,0,0,0,0,0,0,0,0,0,0,0,0,0,0,0,0,0,0,0,0,0,0,0,0,0,0,0,0,0,1,0,0
54.9,Mike Williams,96,4.3,43,65,24.0,11.0,0.0,0.0,16.0,5.0,0.0,0.0,0.0,0.0,0.0,43.0,10.0,664.0,15.44,7.0,1.0,28.0,4.0,66.0,1.0,0.0,0.0,0.0,0.0,0.0,0.0,0.0,0.0,0.0,0.0,0.0,0.0,0.0,0.0,0.0,0.0,0.0,0.0,0.0,0,0,0,0,0,1,0,0,0,0,0,0,0,0,0,0,0,0,0,0,0,0,0,1,0,0,0,0,0,0,0,0,0,0,0,0,0,0,0
55.7,Austin Ekeler,169,7.3,36,71,23.0,6.0,1.0,1.0,14.0,3.0,0.0,0.0,0.0,0.0,0.0,39.0,3.0,404.0,10.36,106.0,3.0,554.0,5.23,53.0,0.0,0.0,0.0,0.0,0.0,0.0,0.0,0.0,0.0,0.0,0.0,0.0,0.0,0.0,0.0,0.0,0.0,0.0,0.0,0.0,0,0,0,1,0,0,0,0,0,0,0,0,0,0,0,0,0,0,0,0,0,0,0,1,0,0,0,0,0,0,0,0,0,0,0,0,0,0,0
57.1,Duke Johnson,126,5.5,42,73,25.0,3.0,1.0,0.0,16.0,2.0,0.0,0.0,0.0,0.0,0.0,47.0,3.0,429.0,9.13,40.0,0.0,201.0,5.03,62.0,2.0,0.0,0.0,0.0,0.0,0.0,0.0,0.0,0.0,0.0,0.0,0.0,0.0,0.0,0.0,0.0,0.0,0.0,0.0,0.0,0,0,0,1,0,0,0,0,0,0,0,0,0,0,0,0,0,0,0,1,0,0,0,0,0,0,0,0,0,0,0,0,0,0,0,0,0,0,0
58.5,Baker Mayfield,75,9.5,33,71,23.0,0.0,7.0,3.0,14.0,13.0,486.0,310.0,14.0,27.0,3725.0,0.0,0.0,0.0,0.0,39.0,0.0,131.0,3.36,1.0,1.0,1.0,0.0,0.0,0.0,0.0,0.0,0.0,0.0,0.0,0.0,0.0,0.0,0.0,0.0,0.0,0.0,0.0,0.0,0.0,0,0,1,0,0,0,0,0,0,0,0,0,0,1,0,0,0,0,0,0,0,0,0,0,0,0,0,0,0,0,0,0,0,0,0,0,0,0,0
59.1,Calvin Ridley,108,4.8,48,69,24.0,10.0,2.0,1.0,16.0,5.0,0.0,0.0,0.0,0.0,0.0,64.0,10.0,821.0,12.83,6.0,0.0,27.0,4.5,92.0,0.0,0.0,0.0,0.0,0.0,0.0,0.0,0.0,0.0,0.0,0.0,0.0,0.0,0.0,0.0,0.0,0.0,0.0,0.0,0.0,0,0,0,0,0,1,0,1,0,0,0,0,0,0,0,0,0,0,0,0,0,0,0,0,0,0,0,0,0,0,0,0,0,0,0,0,0,0,0
60.0,Evan Engram,72,7.8,39,71,24.0,3.0,0.0,0.0,11.0,8.0,0.0,0.0,0.0,0.0,0.0,45.0,3.0,577.0,12.82,3.0,0.0,36.0,12.0,64.0,1.0,0.0,0.0,0.0,0.0,0.0,0.0,0.0,0.0,0.0,0.0,0.0,0.0,0.0,0.0,0.0,0.0,0.0,0.0,0.0,0,0,0,0,1,0,0,0,0,0,0,0,0,0,0,0,0,0,0,0,0,0,0,0,0,0,0,0,0,0,1,0,0,0,0,0,0,0,0
61.4,A.J. Green,79,6.0,45,77,30.0,6.0,2.0,1.0,9.0,9.0,0.0,0.0,0.0,0.0,0.0,46.0,6.0,694.0,15.09,0.0,0.0,0.0,0.0,77.0,0.0,0.0,0.0,0.0,0.0,0.0,0.0,0.0,0.0,0.0,0.0,0.0,0.0,0.0,0.0,0.0,0.0,0.0,0.0,0.0,0,0,0,0,0,1,0,0,0,0,0,0,1,0,0,0,0,0,0,0,0,0,0,0,0,0,0,0,0,0,0,0,0,0,0,0,0,0,0
62.2,Tyler Boyd,100,6.0,46,84,24.0,7.0,0.0,0.0,14.0,14.0,1.0,0.0,0.0,0.0,0.0,76.0,7.0,1028.0,13.53,2.0,0.0,3.0,1.5,108.0,0.0,0.0,0.0,0.0,0.0,0.0,0.0,0.0,0.0,0.0,0.0,0.0,0.0,0.0,0.0,0.0,0.0,0.0,0.0,0.0,0,0,0,0,0,1,0,0,0,0,0,0,1,0,0,0,0,0,0,0,0,0,0,0,0,0,0,0,0,0,0,0,0,0,0,0,0,0,0
62.4,Matt Ryan,55,5.6,49,77,33.0,4.0,10.0,5.0,16.0,16.0,608.0,422.0,7.0,35.0,4924.0,1.0,1.0,5.0,5.0,33.0,3.0,125.0,3.79,1.0,0.0,2.0,0.0,0.0,0.0,0.0,0.0,0.0,0.0,0.0,0.0,0.0,0.0,0.0,0.0,0.0,0.0,0.0,0.0,0.0,0,0,1,0,0,0,0,1,0,0,0,0,0,0,0,0,0,0,0,0,0,0,0,0,0,0,0,0,0,0,0,0,0,0,0,0,0,0,0
63.3,Derrius Guice,143,5.6,48,80,0.0,0.0,0.0,0.0,0.0,0.0,0.0,0.0,0.0,0.0,0.0,0.0,0.0,0.0,0.0,0.0,0.0,0.0,0.0,0.0,0.0,0.0,0.0,0.0,0.0,0.0,0.0,0.0,0.0,0.0,0.0,0.0,0.0,0.0,0.0,0.0,0.0,0.0,0.0,0.0,0,0,0,1,0,0,0,0,0,0,0,0,0,0,0,0,0,0,0,0,0,0,0,0,0,0,0,0,0,0,0,0,0,0,0,0,0,0,1
63.9,Hunter Henry,74,5.7,48,73,24.0,0.0,0.0,0.0,0.0,0.0,0.0,0.0,0.0,0.0,0.0,0.0,0.0,0.0,0.0,0.0,0.0,0.0,0.0,0.0,0.0,0.0,0.0,0.0,0.0,0.0,0.0,0.0,0.0,0.0,0.0,0.0,0.0,0.0,0.0,0.0,0.0,0.0,0.0,0.0,0,0,0,0,1,0,0,0,0,0,0,0,0,0,0,0,0,0,0,0,0,0,0,1,0,0,0,0,0,0,0,0,0,0,0,0,0,0,0
66.6,James White,95,8.5,44,82,26.0,12.0,0.0,0.0,16.0,3.0,0.0,0.0,0.0,0.0,0.0,87.0,7.0,751.0,8.63,94.0,5.0,425.0,4.52,123.0,0.0,0.0,0.0,0.0,0.0,0.0,0.0,0.0,0.0,0.0,0.0,0.0,0.0,0.0,0.0,0.0,0.0,0.0,0.0,0.0,0,0,0,1,0,0,0,0,0,0,0,0,0,0,0,0,0,0,0,0,0,0,0,0,0,0,0,0,1,0,0,0,0,0,0,0,0,0,0
67.1,Dede Westbrook,132,5.5,52,83,25.0,6.0,3.0,2.0,16.0,9.0,1.0,0.0,0.0,0.0,0.0,66.0,5.0,717.0,10.86,9.0,0.0,98.0,10.89,101.0,0.0,0.0,0.0,0.0,0.0,0.0,0.0,0.0,0.0,0.0,0.0,0.0,0.0,0.0,0.0,0.0,0.0,0.0,0.0,0.0,0,0,0,0,0,1,0,0,0,0,0,0,0,0,0,0,0,0,0,0,0,1,0,0,0,0,0,0,0,0,0,0,0,0,0,0,0,0,0
69.3,Drew Brees,55,13.9,33,83,39.0,4.0,5.0,1.0,15.0,15.0,489.0,364.0,5.0,32.0,3992.0,1.0,0.0,1.0,1.0,31.0,4.0,22.0,0.71,1.0,0.0,1.0,0.0,0.0,0.0,0.0,0.0,0.0,0.0,0.0,0.0,0.0,0.0,0.0,0.0,0.0,0.0,0.0,0.0,0.0,0,0,1,0,0,0,0,0,0,0,0,0,0,0,0,0,0,0,0,0,0,0,0,0,0,0,0,0,0,1,0,0,0,0,0,0,0,0,0
69.6,D.J. Moore,95,5.8,54,82,21.0,2.0,4.0,3.0,16.0,10.0,0.0,0.0,0.0,0.0,0.0,55.0,2.0,788.0,14.33,13.0,0.0,172.0,13.23,82.0,0.0,0.0,0.0,0.0,0.0,0.0,0.0,0.0,0.0,0.0,0.0,0.0,0.0,0.0,0.0,0.0,0.0,0.0,0.0,0.0,0,0,0,0,0,1,0,0,0,0,1,0,0,0,0,0,0,0,0,0,0,0,0,0,0,0,0,0,0,0,0,0,0,0,0,0,0,0,0
69.9,Carson Wentz,71,6.7,52,88,26.0,0.0,9.0,6.0,11.0,11.0,401.0,279.0,7.0,21.0,3074.0,1.0,0.0,4.0,4.0,34.0,0.0,93.0,2.74,1.0,0.0,1.0,0.0,0.0,0.0,0.0,0.0,0.0,0.0,0.0,0.0,0.0,0.0,0.0,0.0,0.0,0.0,0.0,0.0,0.0,0,0,1,0,0,0,0,0,0,0,0,0,0,0,0,0,0,0,0,0,0,0,0,0,0,0,0,0,0,0,0,0,1,0,0,0,0,0,0
70.6,Latavius Murray,116,6.7,53,87,28.0,6.0,0.0,0.0,16.0,6.0,0.0,0.0,0.0,0.0,0.0,22.0,0.0,141.0,6.41,140.0,6.0,578.0,4.13,26.0,1.0,0.0,0.0,0.0,0.0,0.0,0.0,0.0,0.0,0.0,0.0,0.0,0.0,0.0,0.0,0.0,0.0,0.0,0.0,0.0,0,0,0,1,0,0,0,0,0,0,0,0,0,0,0,0,0,0,0,0,0,0,0,0,0,0,0,0,0,1,0,0,0,0,0,0,0,0,0
70.9,Alshon Jeffery,99,6.9,52,88,28.0,6.0,1.0,0.0,13.0,13.0,0.0,0.0,0.0,0.0,0.0,65.0,6.0,843.0,12.97,0.0,0.0,0.0,0.0,92.0,0.0,0.0,0.0,0.0,0.0,0.0,0.0,0.0,0.0,0.0,0.0,0.0,0.0,0.0,0.0,0.0,0.0,0.0,0.0,0.0,0,0,0,0,0,1,0,0,0,0,0,0,0,0,0,0,0,0,0,0,0,0,0,0,0,0,0,0,0,0,0,0,1,0,0,0,0,0,0
72.9,Jared Cook,53,4.5,64,83,31.0,6.0,0.0,0.0,16.0,14.0,0.0,0.0,0.0,0.0,0.0,68.0,6.0,896.0,13.18,0.0,0.0,0.0,0.0,101.0,0.0,0.0,0.0,0.0,0.0,0.0,0.0,0.0,0.0,0.0,0.0,0.0,0.0,0.0,0.0,0.0,0.0,0.0,0.0,0.0,0,0,0,0,1,0,0,0,0,0,0,0,0,0,0,0,0,0,0,0,0,0,0,0,0,0,0,0,0,1,0,0,0,0,0,0,0,0,0
73.6,Robby Anderson,69,6.1,57,88,25.0,6.0,2.0,2.0,14.0,9.0,0.0,0.0,0.0,0.0,0.0,50.0,6.0,752.0,15.04,2.0,0.0,-8.0,-4.0,94.0,0.0,0.0,0.0,0.0,0.0,0.0,0.0,0.0,0.0,0.0,0.0,0.0,0.0,0.0,0.0,0.0,0.0,0.0,0.0,0.0,0,0,0,0,0,1,0,0,0,0,0,0,0,0,0,0,0,0,0,0,0,0,0,0,0,0,0,0,0,0,0,1,0,0,0,0,0,0,0
75.2,Allen Robinson,92,6.2,63,92,25.0,4.0,1.0,1.0,13.0,12.0,0.0,0.0,0.0,0.0,0.0,55.0,4.0,754.0,13.71,1.0,0.0,9.0,9.0,94.0,0.0,0.0,0.0,0.0,0.0,0.0,0.0,0.0,0.0,0.0,0.0,0.0,0.0,0.0,0.0,0.0,0.0,0.0,0.0,0.0,0,0,0,0,0,1,0,0,0,0,0,1,0,0,0,0,0,0,0,0,0,0,0,0,0,0,0,0,0,0,0,0,0,0,0,0,0,0,0
76.3,Jarvis Landry,91,7.4,56,92,26.0,5.0,1.0,1.0,16.0,14.0,2.0,1.0,0.0,0.0,63.0,81.0,4.0,976.0,12.05,3.0,1.0,60.0,20.0,149.0,0.0,1.0,0.0,0.0,0.0,0.0,0.0,0.0,0.0,0.0,0.0,0.0,0.0,0.0,0.0,0.0,0.0,0.0,0.0,0.0,0,0,0,0,0,1,0,0,0,0,0,0,0,1,0,0,0,0,0,0,0,0,0,0,0,0,0,0,0,0,0,0,0,0,0,0,0,0,0
77.8,Vance McDonald,56,6.4,62,98,28.0,4.0,2.0,1.0,15.0,14.0,0.0,0.0,0.0,0.0,0.0,50.0,4.0,610.0,12.2,0.0,0.0,0.0,0.0,72.0,0.0,0.0,0.0,0.0,0.0,0.0,0.0,0.0,0.0,0.0,0.0,0.0,0.0,0.0,0.0,0.0,0.0,0.0,0.0,0.0,0,0,0,0,1,0,0,0,0,0,0,0,0,0,0,0,0,0,0,0,0,0,0,0,0,0,0,0,0,0,0,0,0,1,0,0,0,0,0
78.0,Tony Pollard,60,7.8,60,93,0.0,0.0,0.0,0.0,0.0,0.0,0.0,0.0,0.0,0.0,0.0,0.0,0.0,0.0,0.0,0.0,0.0,0.0,0.0,0.0,0.0,0.0,0.0,0.0,0.0,0.0,0.0,0.0,0.0,0.0,0.0,0.0,0.0,0.0,0.0,0.0,0.0,0.0,0.0,0.0,0,0,0,1,0,0,0,0,0,0,0,0,0,0,1,0,0,0,0,0,0,0,0,0,0,0,0,0,0,0,0,0,0,0,0,0,0,0,0
78.5,Kenyan Drake,102,6.8,61,93,24.0,9.0,2.0,1.0,16.0,7.0,0.0,0.0,0.0,0.0,0.0,53.0,5.0,477.0,9.0,120.0,4.0,535.0,4.46,73.0,0.0,0.0,0.0,0.0,0.0,0.0,0.0,0.0,0.0,0.0,0.0,0.0,0.0,0.0,0.0,0.0,0.0,0.0,0.0,0.0,0,0,0,1,0,0,1,0,0,0,0,0,0,0,0,0,0,0,0,0,0,0,0,0,0,0,0,0,0,0,0,0,0,0,0,0,0,0,0
79.5,Darwin Thompson,29,7.2,68,94,0.0,0.0,0.0,0.0,0.0,0.0,0.0,0.0,0.0,0.0,0.0,0.0,0.0,0.0,0.0,0.0,0.0,0.0,0.0,0.0,0.0,0.0,0.0,0.0,0.0,0.0,0.0,0.0,0.0,0.0,0.0,0.0,0.0,0.0,0.0,0.0,0.0,0.0,0.0,0.0,0,0,0,1,0,0,0,0,0,0,0,0,0,0,0,0,0,0,0,0,0,0,1,0,0,0,0,0,0,0,0,0,0,0,0,0,0,0,0
80.3,Jared Goff,81,5.9,65,95,24.0,3.0,12.0,5.0,16.0,16.0,561.0,364.0,12.0,32.0,4688.0,0.0,0.0,0.0,0.0,43.0,2.0,108.0,2.51,0.0,0.0,3.0,0.0,0.0,0.0,0.0,0.0,0.0,0.0,0.0,0.0,0.0,0.0,0.0,0.0,0.0,0.0,0.0,0.0,0.0,0,0,1,0,0,0,0,0,0,0,0,0,0,0,0,0,0,0,0,0,0,0,0,0,1,0,0,0,0,0,0,0,0,0,0,0,0,0,0
80.4,Will Fuller,101,6.6,63,103,24.0,4.0,0.0,0.0,7.0,7.0,0.0,0.0,0.0,0.0,0.0,32.0,4.0,503.0,15.72,0.0,0.0,0.0,0.0,45.0,0.0,0.0,0.0,0.0,0.0,0.0,0.0,0.0,0.0,0.0,0.0,0.0,0.0,0.0,0.0,0.0,0.0,0.0,0.0,0.0,0,0,0,0,0,1,0,0,0,0,0,0,0,0,0,0,0,0,0,1,0,0,0,0,0,0,0,0,0,0,0,0,0,0,0,0,0,0,0
82.3,Matt Breida,154,7.0,64,99,23.0,5.0,1.0,1.0,14.0,13.0,0.0,0.0,0.0,0.0,0.0,27.0,2.0,261.0,9.67,153.0,3.0,814.0,5.32,31.0,0.0,0.0,0.0,0.0,0.0,0.0,0.0,0.0,0.0,0.0,0.0,0.0,0.0,0.0,0.0,0.0,0.0,0.0,0.0,0.0,0,0,0,1,0,0,0,0,0,0,0,0,0,0,0,0,0,0,0,0,0,0,0,0,0,0,0,0,0,0,0,0,0,0,0,1,0,0,0
83.8,David Njoku,37,7.9,69,101,22.0,4.0,0.0,0.0,16.0,14.0,0.0,0.0,0.0,0.0,0.0,56.0,4.0,639.0,11.41,0.0,0.0,0.0,0.0,88.0,0.0,0.0,0.0,0.0,0.0,0.0,0.0,0.0,0.0,0.0,0.0,0.0,0.0,0.0,0.0,0.0,0.0,0.0,0.0,0.0,0,0,0,0,1,0,0,0,0,0,0,0,0,1,0,0,0,0,0,0,0,0,0,0,0,0,0,0,0,0,0,0,0,0,0,0,0,0,0
84.1,Tarik Cohen,89,9.9,58,101,23.0,8.0,7.0,3.0,16.0,7.0,1.0,1.0,0.0,1.0,1.0,71.0,5.0,725.0,10.21,99.0,3.0,444.0,4.48,91.0,0.0,0.0,0.0,0.0,0.0,0.0,0.0,0.0,0.0,0.0,0.0,0.0,0.0,0.0,0.0,0.0,0.0,0.0,0.0,0.0,0,0,0,1,0,0,0,0,0,0,0,1,0,0,0,0,0,0,0,0,0,0,0,0,0,0,0,0,0,0,0,0,0,0,0,0,0,0,0
86.0,Emmanuel Sanders,118,7.1,67,99,31.0,5.0,1.0,0.0,12.0,12.0,1.0,1.0,0.0,1.0,28.0,71.0,4.0,868.0,12.23,4.0,1.0,53.0,13.25,98.0,0.0,0.0,0.0,0.0,0.0,0.0,0.0,0.0,0.0,0.0,0.0,0.0,0.0,0.0,0.0,0.0,0.0,0.0,0.0,0.0,0,0,0,0,0,1,0,0,0,0,0,0,0,0,0,0,0,0,0,0,0,0,0,0,0,0,0,0,0,0,0,0,0,0,0,1,0,0,0
86.4,Devin Singletary,192,12.8,53,106,0.0,0.0,0.0,0.0,0.0,0.0,0.0,0.0,0.0,0.0,0.0,0.0,0.0,0.0,0.0,0.0,0.0,0.0,0.0,0.0,0.0,0.0,0.0,0.0,0.0,0.0,0.0,0.0,0.0,0.0,0.0,0.0,0.0,0.0,0.0,0.0,0.0,0.0,0.0,0.0,0,0,0,1,0,0,0,0,0,1,0,0,0,0,0,0,0,0,0,0,0,0,0,0,0,0,0,0,0,0,0,0,0,0,0,0,0,0,0
86.6,Russell Wilson,40,8.0,73,106,30.0,0.0,10.0,2.0,16.0,16.0,427.0,280.0,7.0,35.0,3448.0,1.0,0.0,-11.0,-11.0,67.0,0.0,376.0,5.61,1.0,0.0,1.0,0.0,0.0,0.0,0.0,0.0,0.0,0.0,0.0,0.0,0.0,0.0,0.0,0.0,0.0,0.0,0.0,0.0,0.0,0,0,1,0,0,0,0,0,0,0,0,0,0,0,0,0,0,0,0,0,0,0,0,0,0,0,0,0,0,0,0,0,0,0,1,0,0,0,0
88.2,Lamar Jackson,61,12.3,56,110,21.0,5.0,12.0,4.0,16.0,7.0,170.0,99.0,3.0,6.0,1201.0,0.0,0.0,0.0,0.0,147.0,5.0,695.0,4.73,2.0,0.0,0.0,0.0,0.0,0.0,0.0,0.0,0.0,0.0,0.0,0.0,0.0,0.0,0.0,0.0,0.0,0.0,0.0,0.0,0.0,0,0,1,0,0,0,0,0,1,0,0,0,0,0,0,0,0,0,0,0,0,0,0,0,0,0,0,0,0,0,0,0,0,0,0,0,0,0,0
88.8,Curtis Samuel,100,7.5,69,106,22.0,7.0,1.0,1.0,13.0,8.0,0.0,0.0,0.0,0.0,0.0,39.0,5.0,494.0,12.67,8.0,2.0,84.0,10.5,65.0,0.0,0.0,0.0,0.0,0.0,0.0,0.0,0.0,0.0,0.0,0.0,0.0,0.0,0.0,0.0,0.0,0.0,0.0,0.0,0.0,0,0,0,0,0,1,0,0,0,0,1,0,0,0,0,0,0,0,0,0,0,0,0,0,0,0,0,0,0,0,0,0,0,0,0,0,0,0,0
88.9,Chicago Defense,86,11.7,58,101,0.0,0.0,0.0,0.0,0.0,0.0,0.0,0.0,0.0,0.0,0.0,0.0,0.0,0.0,0.0,0.0,0.0,0.0,0.0,0.0,0.0,0.0,32.0,10.0,9.0,12.0,1.0,1.0,1.0,0.0,0.0,0.0,0.0,0.0,0.0,0.0,0.0,0.0,0.0,0.0,1,0,0,0,0,0,0,0,0,0,0,1,0,0,0,0,0,0,0,0,0,0,0,0,0,0,0,0,0,0,0,0,0,0,0,0,0,0,0
90.9,LeSean McCoy,127,13.1,56,108,30.0,3.0,0.0,0.0,14.0,13.0,0.0,0.0,0.0,0.0,0.0,34.0,0.0,238.0,7.0,161.0,3.0,514.0,3.19,46.0,0.0,0.0,0.0,0.0,0.0,0.0,0.0,0.0,0.0,0.0,0.0,0.0,0.0,0.0,0.0,0.0,0.0,0.0,0.0,0.0,0,0,0,1,0,0,0,0,0,0,0,0,0,0,0,0,0,0,0,0,0,0,1,0,0,0,0,0,0,0,0,0,0,0,0,0,0,0,0
91.1,Sammy Watkins,67,6.8,73,105,25.0,3.0,1.0,0.0,10.0,9.0,0.0,0.0,0.0,0.0,0.0,40.0,3.0,519.0,12.98,5.0,0.0,52.0,10.4,55.0,0.0,0.0,0.0,0.0,0.0,0.0,0.0,0.0,0.0,0.0,0.0,0.0,0.0,0.0,0.0,0.0,0.0,0.0,0.0,0.0,0,0,0,0,0,1,0,0,0,0,0,0,0,0,0,0,0,0,0,0,0,0,1,0,0,0,0,0,0,0,0,0,0,0,0,0,0,0,0
91.6,Christian Kirk,85,7.9,71,106,22.0,3.0,0.0,0.0,12.0,7.0,0.0,0.0,0.0,0.0,0.0,43.0,3.0,590.0,13.72,3.0,0.0,35.0,11.67,68.0,0.0,0.0,0.0,0.0,0.0,0.0,0.0,0.0,0.0,0.0,0.0,0.0,0.0,0.0,0.0,0.0,0.0,0.0,0.0,0.0,0,0,0,0,0,1,1,0,0,0,0,0,0,0,0,0,0,0,0,0,0,0,0,0,0,0,0,0,0,0,0,0,0,0,0,0,0,0,0
91.9,Rashaad Penny,58,7.5,72,103,22.0,2.0,0.0,0.0,14.0,0.0,0.0,0.0,0.0,0.0,0.0,9.0,0.0,75.0,8.33,85.0,2.0,419.0,4.93,12.0,0.0,0.0,0.0,0.0,0.0,0.0,0.0,0.0,0.0,0.0,0.0,0.0,0.0,0.0,0.0,0.0,0.0,0.0,0.0,0.0,0,0,0,1,0,0,0,0,0,0,0,0,0,0,0,0,0,0,0,0,0,0,0,0,0,0,0,0,0,0,0,0,0,0,1,0,0,0,0
92.6,Darrell Henderson,49,6.7,75,103,0.0,0.0,0.0,0.0,0.0,0.0,0.0,0.0,0.0,0.0,0.0,0.0,0.0,0.0,0.0,0.0,0.0,0.0,0.0,0.0,0.0,0.0,0.0,0.0,0.0,0.0,0.0,0.0,0.0,0.0,0.0,0.0,0.0,0.0,0.0,0.0,0.0,0.0,0.0,0.0,0,0,0,1,0,0,0,0,0,0,0,0,0,0,0,0,0,0,0,0,0,0,0,0,1,0,0,0,0,0,0,0,0,0,0,0,0,0,0
97.8,Cam Newton,98,8.5,75,115,29.0,4.0,6.0,0.0,14.0,14.0,471.0,320.0,13.0,24.0,3395.0,0.0,0.0,0.0,0.0,101.0,4.0,488.0,4.83,0.0,0.0,2.0,0.0,0.0,0.0,0.0,0.0,0.0,0.0,0.0,0.0,0.0,0.0,0.0,0.0,0.0,0.0,0.0,0.0,0.0,0,0,1,0,0,0,0,0,0,0,1,0,0,0,0,0,0,0,0,0,0,0,0,0,0,0,0,0,0,0,0,0,0,0,0,0,0,0,0
98.6,Marvin Jones,65,6.1,82,108,28.0,5.0,0.0,0.0,9.0,9.0,0.0,0.0,0.0,0.0,0.0,35.0,5.0,508.0,14.51,0.0,0.0,0.0,0.0,62.0,0.0,0.0,0.0,0.0,0.0,0.0,0.0,0.0,0.0,0.0,0.0,0.0,0.0,0.0,0.0,0.0,0.0,0.0,0.0,0.0,0,0,0,0,0,1,0,0,0,0,0,0,0,0,0,0,1,0,0,0,0,0,0,0,0,0,0,0,0,0,0,0,0,0,0,0,0,0,0
98.7,Delanie Walker,46,14.0,78,132,34.0,0.0,0.0,0.0,1.0,1.0,0.0,0.0,0.0,0.0,0.0,4.0,0.0,52.0,13.0,0.0,0.0,0.0,0.0,7.0,0.0,0.0,0.0,0.0,0.0,0.0,0.0,0.0,0.0,0.0,0.0,0.0,0.0,0.0,0.0,0.0,0.0,0.0,0.0,0.0,0,0,0,0,1,0,0,0,0,0,0,0,0,0,0,0,0,0,0,0,0,0,0,0,0,0,0,0,0,0,0,0,0,0,0,0,0,1,0
98.8,Jordan Howard,42,9.2,74,110,24.0,9.0,2.0,1.0,16.0,15.0,0.0,0.0,0.0,0.0,0.0,20.0,0.0,145.0,7.25,250.0,9.0,935.0,3.74,26.0,0.0,0.0,0.0,0.0,0.0,0.0,0.0,0.0,0.0,0.0,0.0,0.0,0.0,0.0,0.0,0.0,0.0,0.0,0.0,0.0,0,0,0,1,0,0,0,0,0,0,0,0,0,0,0,0,0,0,0,0,0,0,0,0,0,0,0,0,0,0,0,0,1,0,0,0,0,0,0
99.0,Sterling Shepard,80,10.2,72,113,25.0,4.0,1.0,0.0,16.0,16.0,0.0,0.0,0.0,0.0,0.0,66.0,4.0,872.0,13.21,3.0,0.0,33.0,11.0,107.0,1.0,0.0,0.0,0.0,0.0,0.0,0.0,0.0,0.0,0.0,0.0,0.0,0.0,0.0,0.0,0.0,0.0,0.0,0.0,0.0,0,0,0,0,0,1,0,0,0,0,0,0,0,0,0,0,0,0,0,0,0,0,0,0,0,0,0,0,0,0,1,0,0,0,0,0,0,0,0
102.2,Kareem Hunt,42,9.7,77,117,23.0,14.0,0.0,0.0,11.0,11.0,0.0,0.0,0.0,0.0,0.0,26.0,7.0,378.0,14.54,181.0,7.0,824.0,4.55,35.0,0.0,0.0,0.0,0.0,0.0,0.0,0.0,0.0,0.0,0.0,0.0,0.0,0.0,0.0,0.0,0.0,0.0,0.0,0.0,0.0,0,0,0,1,0,0,0,0,0,0,0,0,0,1,0,0,0,0,0,0,0,0,0,0,0,0,0,0,0,0,0,0,0,0,0,0,0,0,0
102.5,James Washington,73,9.0,79,116,22.0,1.0,0.0,0.0,14.0,6.0,0.0,0.0,0.0,0.0,0.0,16.0,1.0,217.0,13.56,0.0,0.0,0.0,0.0,38.0,0.0,0.0,0.0,0.0,0.0,0.0,0.0,0.0,0.0,0.0,0.0,0.0,0.0,0.0,0.0,0.0,0.0,0.0,0.0,0.0,0,0,0,0,0,1,0,0,0,0,0,0,0,0,0,0,0,0,0,0,0,0,0,0,0,0,0,0,0,0,0,0,0,1,0,0,0,0,0
102.6,Marquez Valdes-Scantling,110,6.7,85,115,24.0,2.0,0.0,0.0,16.0,10.0,0.0,0.0,0.0,0.0,0.0,38.0,2.0,581.0,15.29,2.0,0.0,29.0,14.5,73.0,0.0,0.0,0.0,0.0,0.0,0.0,0.0,0.0,0.0,0.0,0.0,0.0,0.0,0.0,0.0,0.0,0.0,0.0,0.0,0.0,0,0,0,0,0,1,0,0,0,0,0,0,0,0,0,0,0,0,1,0,0,0,0,0,0,0,0,0,0,0,0,0,0,0,0,0,0,0,0
102.9,Kyler Murray,67,8.6,80,120,0.0,0.0,0.0,0.0,0.0,0.0,0.0,0.0,0.0,0.0,0.0,0.0,0.0,0.0,0.0,0.0,0.0,0.0,0.0,0.0,0.0,0.0,0.0,0.0,0.0,0.0,0.0,0.0,0.0,0.0,0.0,0.0,0.0,0.0,0.0,0.0,0.0,0.0,0.0,0.0,0,0,1,0,0,0,1,0,0,0,0,0,0,0,0,0,0,0,0,0,0,0,0,0,0,0,0,0,0,0,0,0,0,0,0,0,0,0,0
104.3,Philip Rivers,75,10.2,79,124,37.0,0.0,2.0,1.0,16.0,16.0,508.0,347.0,12.0,32.0,4308.0,0.0,0.0,0.0,0.0,18.0,0.0,7.0,0.39,0.0,0.0,5.0,0.0,0.0,0.0,0.0,0.0,0.0,0.0,0.0,0.0,0.0,0.0,0.0,0.0,0.0,0.0,0.0,0.0,0.0,0,0,1,0,0,0,0,0,0,0,0,0,0,0,0,0,0,0,0,0,0,0,0,1,0,0,0,0,0,0,0,0,0,0,0,0,0,0,0
104.8,Jameis Winston,80,9.2,80,119,24.0,1.0,7.0,3.0,11.0,9.0,378.0,244.0,14.0,19.0,2992.0,0.0,0.0,0.0,0.0,49.0,1.0,281.0,5.73,0.0,0.0,0.0,0.0,0.0,0.0,0.0,0.0,0.0,0.0,0.0,0.0,0.0,0.0,0.0,0.0,0.0,0.0,0.0,0.0,0.0,0,0,1,0,0,0,0,0,0,0,0,0,0,0,0,0,0,0,0,0,0,0,0,0,0,0,0,0,0,0,0,0,0,0,0,0,1,0,0
105.4,LA Rams Defense,63,5.7,94,116,0.0,0.0,0.0,0.0,0.0,0.0,0.0,0.0,0.0,0.0,0.0,0.0,0.0,0.0,0.0,0.0,0.0,0.0,0.0,0.0,0.0,0.0,50.0,13.0,11.0,13.0,4.0,1.0,0.0,0.0,0.0,0.0,0.0,0.0,0.0,0.0,0.0,0.0,0.0,0.0,1,0,0,0,0,0,0,0,0,0,0,0,0,0,0,0,0,0,0,0,0,0,0,0,1,0,0,0,0,0,0,0,0,0,0,0,0,0,0
108.4,Royce Freeman,54,8.6,86,130,22.0,5.0,1.0,1.0,14.0,8.0,0.0,0.0,0.0,0.0,0.0,14.0,0.0,72.0,5.14,130.0,5.0,521.0,4.01,20.0,0.0,0.0,0.0,0.0,0.0,0.0,0.0,0.0,0.0,0.0,0.0,0.0,0.0,0.0,0.0,0.0,0.0,0.0,0.0,0.0,0,0,0,1,0,0,0,0,0,0,0,0,0,0,0,1,0,0,0,0,0,0,0,0,0,0,0,0,0,0,0,0,0,0,0,0,0,0,0
108.5,Corey Davis,73,8.3,86,123,23.0,4.0,1.0,0.0,16.0,16.0,0.0,0.0,0.0,0.0,0.0,65.0,4.0,891.0,13.71,6.0,0.0,55.0,9.17,112.0,0.0,0.0,0.0,0.0,0.0,0.0,0.0,0.0,0.0,0.0,0.0,0.0,0.0,0.0,0.0,0.0,0.0,0.0,0.0,0.0,0,0,0,0,0,1,0,0,0,0,0,0,0,0,0,0,0,0,0,0,0,0,0,0,0,0,0,0,0,0,0,0,0,0,0,0,0,1,0
109.8,Jacksonville Defense,36,15.7,68,123,0.0,0.0,0.0,0.0,0.0,0.0,0.0,0.0,0.0,0.0,0.0,0.0,0.0,0.0,0.0,0.0,0.0,0.0,0.0,0.0,0.0,0.0,0.0,0.0,0.0,0.0,0.0,0.0,0.0,0.0,0.0,0.0,0.0,0.0,0.0,0.0,0.0,0.0,0.0,0.0,1,0,0,0,0,0,0,0,0,0,0,0,0,0,0,0,0,0,0,0,0,1,0,0,0,0,0,0,0,0,0,0,0,0,0,0,0,0,0
109.9,Eric Ebron,45,17.4,73,142,25.0,14.0,1.0,1.0,16.0,8.0,1.0,0.0,0.0,0.0,0.0,66.0,13.0,750.0,11.36,3.0,1.0,-8.0,-2.67,110.0,0.0,0.0,0.0,0.0,0.0,0.0,0.0,0.0,0.0,0.0,0.0,0.0,0.0,0.0,0.0,0.0,0.0,0.0,0.0,0.0,0,0,0,0,1,0,0,0,0,0,0,0,0,0,0,0,0,0,0,0,1,0,0,0,0,0,0,0,0,0,0,0,0,0,0,0,0,0,0
111.3,Geronimo Allison,67,8.6,89,124,24.0,2.0,1.0,0.0,5.0,4.0,0.0,0.0,0.0,0.0,0.0,20.0,2.0,303.0,15.15,0.0,0.0,0.0,0.0,30.0,0.0,0.0,0.0,0.0,0.0,0.0,0.0,0.0,0.0,0.0,0.0,0.0,0.0,0.0,0.0,0.0,0.0,0.0,0.0,0.0,0,0,0,0,0,1,0,0,0,0,0,0,0,0,0,0,0,0,1,0,0,0,0,0,0,0,0,0,0,0,0,0,0,0,0,0,0,0,0
111.6,Michael Gallup,81,8.3,90,127,22.0,2.0,0.0,0.0,16.0,8.0,0.0,0.0,0.0,0.0,0.0,33.0,2.0,507.0,15.36,0.0,0.0,0.0,0.0,68.0,1.0,0.0,0.0,0.0,0.0,0.0,0.0,0.0,0.0,0.0,0.0,0.0,0.0,0.0,0.0,0.0,0.0,0.0,0.0,0.0,0,0,0,0,0,1,0,0,0,0,0,0,0,0,1,0,0,0,0,0,0,0,0,0,0,0,0,0,0,0,0,0,0,0,0,0,0,0,0
112.9,Ben Roethlisberger,96,11.2,83,133,36.0,3.0,7.0,2.0,16.0,16.0,675.0,452.0,16.0,34.0,5129.0,1.0,0.0,-1.0,-1.0,31.0,3.0,98.0,3.16,1.0,0.0,4.0,0.0,0.0,0.0,0.0,0.0,0.0,0.0,0.0,0.0,0.0,0.0,0.0,0.0,0.0,0.0,0.0,0.0,0.0,0,0,1,0,0,0,0,0,0,0,0,0,0,0,0,0,0,0,0,0,0,0,0,0,0,0,0,0,0,0,0,0,0,1,0,0,0,0,0
114.2,Larry Fitzgerald,64,10.8,86,130,35.0,6.0,0.0,0.0,16.0,16.0,1.0,1.0,0.0,1.0,32.0,69.0,6.0,734.0,10.64,0.0,0.0,0.0,0.0,112.0,1.0,0.0,0.0,0.0,0.0,0.0,0.0,0.0,0.0,0.0,0.0,0.0,0.0,0.0,0.0,0.0,0.0,0.0,0.0,0.0,0,0,0,0,0,1,1,0,0,0,0,0,0,0,0,0,0,0,0,0,0,0,0,0,0,0,0,0,0,0,0,0,0,0,0,0,0,0,0
114.3,Tom Brady,76,17.4,69,135,41.0,2.0,4.0,2.0,16.0,16.0,570.0,375.0,11.0,29.0,4355.0,1.0,0.0,6.0,6.0,23.0,2.0,35.0,1.52,1.0,0.0,0.0,0.0,0.0,0.0,0.0,0.0,0.0,0.0,0.0,0.0,0.0,0.0,0.0,0.0,0.0,0.0,0.0,0.0,0.0,0,0,1,0,0,0,0,0,0,0,0,0,0,0,0,0,0,0,0,0,0,0,0,0,0,0,0,0,1,0,0,0,0,0,0,0,0,0,0
114.4,Adrian Peterson,42,7.6,94,129,33.0,8.0,3.0,2.0,16.0,16.0,0.0,0.0,0.0,0.0,0.0,20.0,1.0,208.0,10.4,251.0,7.0,1042.0,4.15,26.0,0.0,0.0,0.0,0.0,0.0,0.0,0.0,0.0,0.0,0.0,0.0,0.0,0.0,0.0,0.0,0.0,0.0,0.0,0.0,0.0,0,0,0,1,0,0,0,0,0,0,0,0,0,0,0,0,0,0,0,0,0,0,0,0,0,0,0,0,0,0,0,0,0,0,0,0,0,0,1
114.9,Baltimore Defense,27,11.3,85,129,0.0,0.0,0.0,0.0,0.0,0.0,0.0,0.0,0.0,0.0,0.0,0.0,0.0,0.0,0.0,0.0,0.0,0.0,0.0,0.0,0.0,0.0,37.0,13.0,12.0,15.0,6.0,1.0,0.0,0.0,0.0,0.0,0.0,0.0,0.0,0.0,0.0,0.0,0.0,0.0,1,0,0,0,0,0,0,0,1,0,0,0,0,0,0,0,0,0,0,0,0,0,0,0,0,0,0,0,0,0,0,0,0,0,0,0,0,0,0
115.5,Peyton Barber,57,10.8,87,132,24.0,6.0,1.0,1.0,16.0,16.0,0.0,0.0,0.0,0.0,0.0,20.0,1.0,92.0,4.6,234.0,5.0,871.0,3.72,29.0,0.0,0.0,0.0,0.0,0.0,0.0,0.0,0.0,0.0,0.0,0.0,0.0,0.0,0.0,0.0,0.0,0.0,0.0,0.0,0.0,0,0,0,1,0,0,0,0,0,0,0,0,0,0,0,0,0,0,0,0,0,0,0,0,0,0,0,0,0,0,0,0,0,0,0,0,1,0,0
117.8,DeSean Jackson,55,8.6,95,133,32.0,5.0,0.0,0.0,12.0,10.0,0.0,0.0,0.0,0.0,0.0,41.0,4.0,774.0,18.88,6.0,1.0,29.0,4.83,74.0,0.0,0.0,0.0,0.0,0.0,0.0,0.0,0.0,0.0,0.0,0.0,0.0,0.0,0.0,0.0,0.0,0.0,0.0,0.0,0.0,0,0,0,0,0,1,0,0,0,0,0,0,0,0,0,0,0,0,0,0,0,0,0,0,0,0,0,0,0,0,0,0,1,0,0,0,0,0,0
118.8,Justice Hill,92,10.2,92,139,0.0,0.0,0.0,0.0,0.0,0.0,0.0,0.0,0.0,0.0,0.0,0.0,0.0,0.0,0.0,0.0,0.0,0.0,0.0,0.0,0.0,0.0,0.0,0.0,0.0,0.0,0.0,0.0,0.0,0.0,0.0,0.0,0.0,0.0,0.0,0.0,0.0,0.0,0.0,0.0,0,0,0,1,0,0,0,0,1,0,0,0,0,0,0,0,0,0,0,0,0,0,0,0,0,0,0,0,0,0,0,0,0,0,0,0,0,0,0
120.2,Dante Pettis,57,8.7,97,134,23.0,5.0,2.0,0.0,12.0,7.0,0.0,0.0,0.0,0.0,0.0,27.0,5.0,467.0,17.3,1.0,0.0,-2.0,-2.0,45.0,0.0,0.0,0.0,0.0,0.0,0.0,0.0,0.0,0.0,0.0,0.0,0.0,0.0,0.0,0.0,0.0,0.0,0.0,0.0,0.0,0,0,0,0,0,1,0,0,0,0,0,0,0,0,0,0,0,0,0,0,0,0,0,0,0,0,0,0,0,0,0,0,0,0,0,1,0,0,0
122.4,Minnesota Defense,26,8.2,101,140,0.0,0.0,0.0,0.0,0.0,0.0,0.0,0.0,0.0,0.0,0.0,0.0,0.0,0.0,0.0,0.0,0.0,0.0,0.0,0.0,0.0,0.0,48.0,17.0,14.0,18.0,2.0,1.0,0.0,0.0,0.0,0.0,0.0,0.0,0.0,0.0,0.0,0.0,0.0,0.0,1,0,0,0,0,0,0,0,0,0,0,0,0,0,0,0,0,0,0,0,0,0,0,0,0,0,0,1,0,0,0,0,0,0,0,0,0,0,0
123.3,Justin Jackson,136,11.2,94,144,23.0,2.0,0.0,0.0,13.0,1.0,0.0,0.0,0.0,0.0,0.0,15.0,0.0,135.0,9.0,50.0,2.0,206.0,4.12,19.0,0.0,0.0,0.0,0.0,0.0,0.0,0.0,0.0,0.0,0.0,0.0,0.0,0.0,0.0,0.0,0.0,0.0,0.0,0.0,0.0,0,0,0,1,0,0,0,0,0,0,0,0,0,0,0,0,0,0,0,0,0,0,0,1,0,0,0,0,0,0,0,0,0,0,0,0,0,0,0
123.9,Courtland Sutton,53,9.6,98,139,23.0,4.0,0.0,0.0,16.0,9.0,0.0,0.0,0.0,0.0,0.0,42.0,4.0,704.0,16.76,1.0,0.0,-1.0,-1.0,84.0,0.0,0.0,0.0,0.0,0.0,0.0,0.0,0.0,0.0,0.0,0.0,0.0,0.0,0.0,0.0,0.0,0.0,0.0,0.0,0.0,0,0,0,0,0,1,0,0,0,0,0,0,0,0,0,1,0,0,0,0,0,0,0,0,0,0,0,0,0,0,0,0,0,0,0,0,0,0,0
126.4,D.K. Metcalf,30,8.4,108,140,0.0,0.0,0.0,0.0,0.0,0.0,0.0,0.0,0.0,0.0,0.0,0.0,0.0,0.0,0.0,0.0,0.0,0.0,0.0,0.0,0.0,0.0,0.0,0.0,0.0,0.0,0.0,0.0,0.0,0.0,0.0,0.0,0.0,0.0,0.0,0.0,0.0,0.0,0.0,0.0,0,0,0,0,0,1,0,0,0,0,0,0,0,0,0,0,0,0,0,0,0,0,0,0,0,0,0,0,0,0,0,0,0,0,1,0,0,0,0
127.1,Donte Moncrief,48,8.7,104,141,25.0,3.0,1.0,1.0,16.0,14.0,0.0,0.0,0.0,0.0,0.0,48.0,3.0,668.0,13.92,0.0,0.0,0.0,0.0,89.0,0.0,0.0,0.0,0.0,0.0,0.0,0.0,0.0,0.0,0.0,0.0,0.0,0.0,0.0,0.0,0.0,0.0,0.0,0.0,0.0,0,0,0,0,0,1,0,0,0,0,1,0,0,0,0,0,0,0,0,0,0,0,0,0,0,0,0,0,0,0,0,0,0,0,0,0,0,0,0
127.3,Dak Prescott,66,7.5,107,139,25.0,6.0,12.0,6.0,16.0,16.0,526.0,356.0,8.0,22.0,3885.0,0.0,0.0,0.0,0.0,75.0,6.0,305.0,4.07,1.0,1.0,1.0,0.0,0.0,0.0,0.0,0.0,0.0,0.0,0.0,0.0,0.0,0.0,0.0,0.0,0.0,0.0,0.0,0.0,0.0,0,0,1,0,0,0,0,0,0,0,0,0,0,0,1,0,0,0,0,0,0,0,0,0,0,0,0,0,0,0,0,0,0,0,0,0,0,0,0
127.5,Kalen Ballage,73,8.9,108,147,23.0,1.0,1.0,1.0,12.0,0.0,0.0,0.0,0.0,0.0,0.0,9.0,0.0,56.0,6.22,36.0,1.0,191.0,5.31,11.0,0.0,0.0,0.0,0.0,0.0,0.0,0.0,0.0,0.0,0.0,0.0,0.0,0.0,0.0,0.0,0.0,0.0,0.0,0.0,0.0,0,0,0,1,0,0,0,0,0,0,0,0,0,0,0,0,0,0,0,0,0,0,0,0,0,0,1,0,0,0,0,0,0,0,0,0,0,0,0
127.5,Cleveland Defense,21,7.4,108,135,0.0,0.0,0.0,0.0,0.0,0.0,0.0,0.0,0.0,0.0,0.0,0.0,0.0,0.0,0.0,0.0,0.0,0.0,0.0,0.0,0.0,0.0,38.0,14.0,6.0,12.0,1.0,0.0,0.0,0.0,0.0,0.0,0.0,0.0,0.0,0.0,0.0,0.0,0.0,0.0,1,0,0,0,0,0,0,0,0,0,0,0,0,1,0,0,0,0,0,0,0,0,0,0,0,0,0,0,0,0,0,0,0,0,0,0,0,0,0
128.6,Jaylen Samuels,73,10.3,101,146,22.0,3.0,1.0,0.0,14.0,3.0,0.0,0.0,0.0,0.0,0.0,26.0,3.0,199.0,7.65,56.0,0.0,256.0,4.57,29.0,0.0,0.0,0.0,0.0,0.0,0.0,0.0,0.0,0.0,0.0,0.0,0.0,0.0,0.0,0.0,0.0,0.0,0.0,0.0,0.0,0,0,0,1,0,0,0,0,0,0,0,0,0,0,0,0,0,0,0,0,0,0,0,0,0,0,0,0,0,0,0,0,0,1,0,0,0,0,0
129.5,Alexander Mattison,81,10.3,102,147,0.0,0.0,0.0,0.0,0.0,0.0,0.0,0.0,0.0,0.0,0.0,0.0,0.0,0.0,0.0,0.0,0.0,0.0,0.0,0.0,0.0,0.0,0.0,0.0,0.0,0.0,0.0,0.0,0.0,0.0,0.0,0.0,0.0,0.0,0.0,0.0,0.0,0.0,0.0,0.0,0,0,0,1,0,0,0,0,0,0,0,0,0,0,0,0,0,0,0,0,0,0,0,0,0,0,0,1,0,0,0,0,0,0,0,0,0,0,0
129.7,Mark Andrews,102,16.3,87,162,22.0,3.0,0.0,0.0,16.0,3.0,0.0,0.0,0.0,0.0,0.0,34.0,3.0,552.0,16.24,0.0,0.0,0.0,0.0,50.0,0.0,0.0,0.0,0.0,0.0,0.0,0.0,0.0,0.0,0.0,0.0,0.0,0.0,0.0,0.0,0.0,0.0,0.0,0.0,0.0,0,0,0,0,1,0,0,0,1,0,0,0,0,0,0,0,0,0,0,0,0,0,0,0,0,0,0,0,0,0,0,0,0,0,0,0,0,0,0
130.3,Trey Burton,56,17.6,84,154,27.0,6.0,1.0,1.0,16.0,16.0,0.0,0.0,0.0,0.0,0.0,54.0,6.0,569.0,10.54,1.0,0.0,2.0,2.0,76.0,1.0,0.0,0.0,0.0,0.0,0.0,0.0,0.0,0.0,0.0,0.0,0.0,0.0,0.0,0.0,0.0,0.0,0.0,0.0,0.0,0,0,0,0,1,0,0,0,0,0,0,1,0,0,0,0,0,0,0,0,0,0,0,0,0,0,0,0,0,0,0,0,0,0,0,0,0,0,0
131.1,LA Chargers Defense,17,7.5,118,150,0.0,0.0,0.0,0.0,0.0,0.0,0.0,0.0,0.0,0.0,0.0,0.0,0.0,0.0,0.0,0.0,0.0,0.0,0.0,0.0,0.0,0.0,30.0,11.0,3.0,5.0,0.0,0.0,1.0,0.0,0.0,0.0,0.0,0.0,0.0,0.0,0.0,0.0,0.0,0.0,1,0,0,0,0,0,0,0,0,0,0,0,0,0,0,0,0,0,0,0,0,0,0,1,0,0,0,0,0,0,0,0,0,0,0,0,0,0,0
131.5,Kirk Cousins,59,9.7,106,143,30.0,1.0,9.0,7.0,16.0,16.0,606.0,425.0,10.0,30.0,4298.0,1.0,0.0,-1.0,-1.0,44.0,1.0,123.0,2.8,1.0,0.0,3.0,0.0,0.0,0.0,0.0,0.0,0.0,0.0,0.0,0.0,0.0,0.0,0.0,0.0,0.0,0.0,0.0,0.0,0.0,0,0,1,0,0,0,0,0,0,0,0,0,0,0,0,0,0,0,0,0,0,0,0,0,0,0,0,1,0,0,0,0,0,0,0,0,0,0,0
133.1,Golden Tate,44,8.4,111,146,30.0,4.0,3.0,0.0,15.0,7.0,0.0,0.0,0.0,0.0,0.0,74.0,4.0,795.0,10.74,4.0,0.0,34.0,8.5,113.0,1.0,0.0,0.0,0.0,0.0,0.0,0.0,0.0,0.0,0.0,0.0,0.0,0.0,0.0,0.0,0.0,0.0,0.0,0.0,0.0,0,0,0,0,0,1,0,0,0,0,0,0,0,0,0,0,0,0,0,0,0,0,0,0,0,0,0,0,0,0,1,0,0,0,0,0,0,0,0
133.1,Mecole Hardman,26,13.6,97,153,0.0,0.0,0.0,0.0,0.0,0.0,0.0,0.0,0.0,0.0,0.0,0.0,0.0,0.0,0.0,0.0,0.0,0.0,0.0,0.0,0.0,0.0,0.0,0.0,0.0,0.0,0.0,0.0,0.0,0.0,0.0,0.0,0.0,0.0,0.0,0.0,0.0,0.0,0.0,0.0,0,0,0,0,0,1,0,0,0,0,0,0,0,0,0,0,0,0,0,0,0,0,1,0,0,0,0,0,0,0,0,0,0,0,0,0,0,0,0
134.6,Tyrell Williams,60,8.6,113,150,26.0,5.0,2.0,0.0,16.0,10.0,0.0,0.0,0.0,0.0,0.0,41.0,5.0,653.0,15.93,2.0,0.0,15.0,7.5,65.0,0.0,0.0,0.0,0.0,0.0,0.0,0.0,0.0,0.0,0.0,0.0,0.0,0.0,0.0,0.0,0.0,0.0,0.0,0.0,0.0,0,0,0,0,0,1,0,0,0,0,0,0,0,0,0,0,0,0,0,0,0,0,0,0,0,1,0,0,0,0,0,0,0,0,0,0,0,0,0
134.6,Anthony Miller,31,9.0,116,150,24.0,7.0,1.0,0.0,15.0,4.0,1.0,1.0,0.0,0.0,8.0,33.0,7.0,423.0,12.82,6.0,0.0,26.0,4.33,54.0,0.0,0.0,0.0,0.0,0.0,0.0,0.0,0.0,0.0,0.0,0.0,0.0,0.0,0.0,0.0,0.0,0.0,0.0,0.0,0.0,0,0,0,0,0,1,0,0,0,0,0,1,0,0,0,0,0,0,0,0,0,0,0,0,0,0,0,0,0,0,0,0,0,0,0,0,0,0,0
135.3,John Brown,43,8.2,115,145,28.0,5.0,0.0,0.0,16.0,15.0,0.0,0.0,0.0,0.0,0.0,42.0,5.0,715.0,17.02,3.0,0.0,4.0,1.33,97.0,0.0,0.0,0.0,0.0,0.0,0.0,0.0,0.0,0.0,0.0,0.0,0.0,0.0,0.0,0.0,0.0,0.0,0.0,0.0,0.0,0,0,0,0,0,1,0,0,0,1,0,0,0,0,0,0,0,0,0,0,0,0,0,0,0,0,0,0,0,0,0,0,0,0,0,0,0,0,0
138.4,Mitch Trubisky,38,6.8,122,150,0.0,0.0,0.0,0.0,0.0,0.0,0.0,0.0,0.0,0.0,0.0,0.0,0.0,0.0,0.0,0.0,0.0,0.0,0.0,0.0,0.0,0.0,0.0,0.0,0.0,0.0,0.0,0.0,0.0,0.0,0.0,0.0,0.0,0.0,0.0,0.0,0.0,0.0,0.0,0.0,0,0,1,0,0,0,0,0,0,0,0,1,0,0,0,0,0,0,0,0,0,0,0,0,0,0,0,0,0,0,0,0,0,0,0,0,0,0,0
140.3,Dallas Defense,34,10.1,113,159,0.0,0.0,0.0,0.0,0.0,0.0,0.0,0.0,0.0,0.0,0.0,0.0,0.0,0.0,0.0,0.0,0.0,0.0,0.0,0.0,0.0,0.0,39.0,7.0,10.0,13.0,1.0,0.0,0.0,0.0,0.0,0.0,0.0,0.0,0.0,0.0,0.0,0.0,0.0,0.0,1,0,0,0,0,0,0,0,0,0,0,0,0,0,1,0,0,0,0,0,0,0,0,0,0,0,0,0,0,0,0,0,0,0,0,0,0,0,0
143.8,Carlos Hyde,122,18.5,95,171,28.0,5.0,2.0,1.0,14.0,7.0,0.0,0.0,0.0,0.0,0.0,10.0,0.0,33.0,3.3,172.0,5.0,571.0,3.32,16.0,0.0,0.0,0.0,0.0,0.0,0.0,0.0,0.0,0.0,0.0,0.0,0.0,0.0,0.0,0.0,0.0,0.0,0.0,0.0,0.0,0,0,0,1,0,0,0,0,0,0,0,0,0,0,0,0,0,0,0,1,0,0,0,0,0,0,0,0,0,0,0,0,0,0,0,0,0,0,0
144.8,Josh Allen,42,10.9,116,172,22.0,8.0,8.0,2.0,12.0,11.0,320.0,169.0,12.0,10.0,2074.0,0.0,0.0,0.0,0.0,89.0,8.0,631.0,7.09,1.0,0.0,1.0,0.0,0.0,0.0,0.0,0.0,0.0,0.0,0.0,0.0,0.0,0.0,0.0,0.0,0.0,0.0,0.0,0.0,0.0,0,0,1,0,0,0,0,0,0,1,0,0,0,0,0,0,0,0,0,0,0,0,0,0,0,0,0,0,0,0,0,0,0,0,0,0,0,0,0
144.8,Greg Zuerlein,168,9.9,119,157,0.0,0.0,0.0,0.0,0.0,0.0,0.0,0.0,0.0,0.0,0.0,0.0,0.0,0.0,0.0,0.0,0.0,0.0,0.0,0.0,0.0,0.0,0.0,0.0,0.0,0.0,0.0,0.0,0.0,27.0,31.0,87.1,56.0,0.0,9.0,10.0,4.0,4.0,35.0,36.0,0,1,0,0,0,0,0,0,0,0,0,0,0,0,0,0,0,0,0,0,0,0,0,0,1,0,0,0,0,0,0,0,0,0,0,0,0,0,0
145.1,Denver Defense,32,9.8,119,171,0.0,0.0,0.0,0.0,0.0,0.0,0.0,0.0,0.0,0.0,0.0,0.0,0.0,0.0,0.0,0.0,0.0,0.0,0.0,0.0,0.0,0.0,40.0,10.0,6.0,8.0,1.0,0.0,0.0,0.0,0.0,0.0,0.0,0.0,0.0,0.0,0.0,0.0,0.0,0.0,1,0,0,0,0,0,0,0,0,0,0,0,0,0,0,1,0,0,0,0,0,0,0,0,0,0,0,0,0,0,0,0,0,0,0,0,0,0,0
146.0,Harrison Butker,41,13.7,110,160,0.0,0.0,0.0,0.0,0.0,0.0,0.0,0.0,0.0,0.0,0.0,0.0,0.0,0.0,0.0,0.0,0.0,0.0,0.0,0.0,0.0,0.0,0.0,0.0,0.0,0.0,0.0,0.0,0.0,24.0,27.0,88.9,54.0,0.0,9.0,7.0,6.0,2.0,65.0,69.0,0,1,0,0,0,0,0,0,0,0,0,0,0,0,0,0,0,0,0,0,0,0,1,0,0,0,0,0,0,0,0,0,0,0,0,0,0,0,0
146.2,New England Defense,44,12.4,114,175,0.0,0.0,0.0,0.0,0.0,0.0,0.0,0.0,0.0,0.0,0.0,0.0,0.0,0.0,0.0,0.0,0.0,0.0,0.0,0.0,0.0,0.0,47.0,25.0,11.0,14.0,5.0,1.0,2.0,0.0,0.0,0.0,0.0,0.0,0.0,0.0,0.0,0.0,0.0,0.0,1,0,0,0,0,0,0,0,0,0,0,0,0,0,0,0,0,0,0,0,0,0,0,0,0,0,0,0,1,0,0,0,0,0,0,0,0,0,0
148.2,Damien Harris,40,11.1,119,170,0.0,0.0,0.0,0.0,0.0,0.0,0.0,0.0,0.0,0.0,0.0,0.0,0.0,0.0,0.0,0.0,0.0,0.0,0.0,0.0,0.0,0.0,0.0,0.0,0.0,0.0,0.0,0.0,0.0,0.0,0.0,0.0,0.0,0.0,0.0,0.0,0.0,0.0,0.0,0.0,0,0,0,1,0,0,0,0,0,0,0,0,0,0,0,0,0,0,0,0,0,0,0,0,0,0,0,0,1,0,0,0,0,0,0,0,0,0,0
149.0,Keke Coutee,28,14.6,123,170,21.0,1.0,0.0,0.0,6.0,2.0,0.0,0.0,0.0,0.0,0.0,28.0,1.0,287.0,10.25,3.0,0.0,0.0,0.0,41.0,0.0,0.0,0.0,0.0,0.0,0.0,0.0,0.0,0.0,0.0,0.0,0.0,0.0,0.0,0.0,0.0,0.0,0.0,0.0,0.0,0,0,0,0,0,1,0,0,0,0,0,0,0,0,0,0,0,0,0,1,0,0,0,0,0,0,0,0,0,0,0,0,0,0,0,0,0,0,0
149.2,Austin Hooper,129,21.1,94,180,24.0,4.0,0.0,0.0,16.0,7.0,0.0,0.0,0.0,0.0,0.0,71.0,4.0,660.0,9.3,0.0,0.0,0.0,0.0,88.0,1.0,0.0,0.0,0.0,0.0,0.0,0.0,0.0,0.0,0.0,0.0,0.0,0.0,0.0,0.0,0.0,0.0,0.0,0.0,0.0,0,0,0,0,1,0,0,1,0,0,0,0,0,0,0,0,0,0,0,0,0,0,0,0,0,0,0,0,0,0,0,0,0,0,0,0,0,0,0
149.4,Justin Tucker,87,8.6,126,159,0.0,0.0,0.0,0.0,0.0,0.0,0.0,0.0,0.0,0.0,0.0,0.0,0.0,0.0,0.0,0.0,0.0,0.0,0.0,0.0,0.0,0.0,0.0,0.0,0.0,0.0,0.0,0.0,0.0,35.0,39.0,89.7,56.0,0.0,12.0,9.0,9.0,5.0,36.0,37.0,0,1,0,0,0,0,0,0,1,0,0,0,0,0,0,0,0,0,0,0,0,0,0,0,0,0,0,0,0,0,0,0,0,0,0,0,0,0,0
149.7,T.J. Hockenson,122,20.6,96,180,0.0,0.0,0.0,0.0,0.0,0.0,0.0,0.0,0.0,0.0,0.0,0.0,0.0,0.0,0.0,0.0,0.0,0.0,0.0,0.0,0.0,0.0,0.0,0.0,0.0,0.0,0.0,0.0,0.0,0.0,0.0,0.0,0.0,0.0,0.0,0.0,0.0,0.0,0.0,0.0,0,0,0,0,1,0,0,0,0,0,0,0,0,0,0,0,1,0,0,0,0,0,0,0,0,0,0,0,0,0,0,0,0,0,0,0,0,0,0
150.1,Ronald Jones II,31,17.1,105,174,21.0,1.0,0.0,0.0,9.0,0.0,0.0,0.0,0.0,0.0,0.0,7.0,0.0,33.0,4.71,23.0,1.0,44.0,1.91,9.0,0.0,0.0,0.0,0.0,0.0,0.0,0.0,0.0,0.0,0.0,0.0,0.0,0.0,0.0,0.0,0.0,0.0,0.0,0.0,0.0,0,0,0,1,0,0,0,0,0,0,0,0,0,0,0,0,0,0,0,0,0,0,0,0,0,0,0,0,0,0,0,0,0,0,0,0,1,0,0
150.7,Jamison Crowder,43,13.2,121,172,25.0,2.0,0.0,0.0,9.0,7.0,0.0,0.0,0.0,0.0,0.0,29.0,2.0,388.0,13.38,4.0,0.0,30.0,7.5,49.0,0.0,0.0,0.0,0.0,0.0,0.0,0.0,0.0,0.0,0.0,0.0,0.0,0.0,0.0,0.0,0.0,0.0,0.0,0.0,0.0,0,0,0,0,0,1,0,0,0,0,0,0,0,0,0,0,0,0,0,0,0,0,0,0,0,0,0,0,0,0,0,1,0,0,0,0,0,0,0
153.7,Jimmy Garoppolo,39,11.3,136,179,27.0,0.0,4.0,0.0,3.0,3.0,89.0,53.0,3.0,5.0,718.0,0.0,0.0,0.0,0.0,8.0,0.0,33.0,4.13,0.0,0.0,1.0,0.0,0.0,0.0,0.0,0.0,0.0,0.0,0.0,0.0,0.0,0.0,0.0,0.0,0.0,0.0,0.0,0.0,0.0,0,0,1,0,0,0,0,0,0,0,0,0,0,0,0,0,0,0,0,0,0,0,0,0,0,0,0,0,0,0,0,0,0,0,0,1,0,0,0
153.7,Ito Smith,57,15.3,119,178,23.0,4.0,1.0,0.0,14.0,0.0,0.0,0.0,0.0,0.0,0.0,27.0,0.0,152.0,5.63,90.0,4.0,315.0,3.5,32.0,0.0,0.0,0.0,0.0,0.0,0.0,0.0,0.0,0.0,0.0,0.0,0.0,0.0,0.0,0.0,0.0,0.0,0.0,0.0,0.0,0,0,0,1,0,0,0,1,0,0,0,0,0,0,0,0,0,0,0,0,0,0,0,0,0,0,0,0,0,0,0,0,0,0,0,0,0,0,0
154.2,Stephen Gostkowski,25,14.1,121,169,0.0,0.0,0.0,0.0,0.0,0.0,0.0,0.0,0.0,0.0,0.0,0.0,0.0,0.0,0.0,0.0,0.0,0.0,0.0,0.0,0.0,0.0,0.0,0.0,0.0,0.0,0.0,0.0,0.0,27.0,32.0,84.4,52.0,0.0,11.0,10.0,4.0,2.0,49.0,50.0,0,1,0,0,0,0,0,0,0,0,0,0,0,0,0,0,0,0,0,0,0,0,0,0,0,0,0,0,1,0,0,0,0,0,0,0,0,0,0
155.0,Derek Carr,28,13.4,126,180,27.0,1.0,12.0,7.0,16.0,16.0,553.0,381.0,10.0,19.0,4049.0,1.0,0.0,-9.0,-9.0,24.0,1.0,47.0,1.96,1.0,0.0,1.0,0.0,0.0,0.0,0.0,0.0,0.0,0.0,0.0,0.0,0.0,0.0,0.0,0.0,0.0,0.0,0.0,0.0,0.0,0,0,1,0,0,0,0,0,0,0,0,0,0,0,0,0,0,0,0,0,0,0,0,0,0,1,0,0,0,0,0,0,0,0,0,0,0,0,0
155.0,Dion Lewis,40,14.3,121,176,28.0,2.0,1.0,1.0,16.0,7.0,0.0,0.0,0.0,0.0,0.0,59.0,1.0,400.0,6.78,155.0,1.0,517.0,3.34,67.0,0.0,0.0,0.0,0.0,0.0,0.0,0.0,0.0,0.0,0.0,0.0,0.0,0.0,0.0,0.0,0.0,0.0,0.0,0.0,0.0,0,0,0,1,0,0,0,0,0,0,0,0,0,0,0,0,0,0,0,0,0,0,0,0,0,0,0,0,0,0,0,0,0,0,0,0,0,1,0
155.1,Jordan Reed,20,24.9,97,180,28.0,2.0,1.0,1.0,13.0,8.0,0.0,0.0,0.0,0.0,0.0,54.0,2.0,558.0,10.33,0.0,0.0,0.0,0.0,84.0,0.0,0.0,0.0,0.0,0.0,0.0,0.0,0.0,0.0,0.0,0.0,0.0,0.0,0.0,0.0,0.0,0.0,0.0,0.0,0.0,0,0,0,0,1,0,0,0,0,0,0,0,0,0,0,0,0,0,0,0,0,0,0,0,0,0,0,0,0,0,0,0,0,0,0,0,0,0,1
156.1,Greg Olsen,63,24.7,91,180,33.0,4.0,0.0,0.0,9.0,9.0,0.0,0.0,0.0,0.0,0.0,27.0,4.0,291.0,10.78,0.0,0.0,0.0,0.0,38.0,0.0,0.0,0.0,0.0,0.0,0.0,0.0,0.0,0.0,0.0,0.0,0.0,0.0,0.0,0.0,0.0,0.0,0.0,0.0,0.0,0,0,0,0,1,0,0,0,0,0,1,0,0,0,0,0,0,0,0,0,0,0,0,0,0,0,0,0,0,0,0,0,0,0,0,0,0,0,0
156.8,N'Keal Harry,14,16.3,121,175,0.0,0.0,0.0,0.0,0.0,0.0,0.0,0.0,0.0,0.0,0.0,0.0,0.0,0.0,0.0,0.0,0.0,0.0,0.0,0.0,0.0,0.0,0.0,0.0,0.0,0.0,0.0,0.0,0.0,0.0,0.0,0.0,0.0,0.0,0.0,0.0,0.0,0.0,0.0,0.0,0,0,0,0,0,1,0,0,0,0,0,0,0,0,0,0,0,0,0,0,0,0,0,0,0,0,0,0,1,0,0,0,0,0,0,0,0,0,0
156.8,CJ Anderson,18,13.4,139,177,27.0,3.0,0.0,0.0,11.0,3.0,0.0,0.0,0.0,0.0,0.0,5.0,1.0,41.0,8.2,67.0,2.0,403.0,6.01,9.0,0.0,0.0,0.0,0.0,0.0,0.0,0.0,0.0,0.0,0.0,0.0,0.0,0.0,0.0,0.0,0.0,0.0,0.0,0.0,0.0,0,0,0,1,0,0,0,0,0,0,0,0,0,0,0,0,0,1,0,0,0,0,0,0,0,0,0,0,0,0,0,0,0,0,0,0,0,0,0
157.2,Marquise Goodwin,37,10.9,139,176,28.0,4.0,1.0,0.0,11.0,8.0,0.0,0.0,0.0,0.0,0.0,23.0,4.0,395.0,17.17,4.0,0.0,9.0,2.25,43.0,0.0,0.0,0.0,0.0,0.0,0.0,0.0,0.0,0.0,0.0,0.0,0.0,0.0,0.0,0.0,0.0,0.0,0.0,0.0,0.0,0,0,0,0,0,1,0,0,0,0,0,0,0,0,0,0,0,0,0,0,0,0,0,0,0,0,0,0,0,0,0,0,0,0,0,1,0,0,0
157.3,Ty Montgomery,15,19.0,112,180,25.0,1.0,2.0,1.0,13.0,0.0,0.0,0.0,0.0,0.0,0.0,25.0,0.0,235.0,9.4,41.0,1.0,188.0,4.59,40.0,0.0,0.0,0.0,0.0,0.0,0.0,0.0,0.0,0.0,0.0,0.0,0.0,0.0,0.0,0.0,0.0,0.0,0.0,0.0,0.0,0,0,0,1,0,0,0,0,0,0,0,0,0,0,0,0,0,0,0,0,0,0,0,0,0,0,0,0,0,0,0,1,0,0,0,0,0,0,0
159.2,Wil Lutz,35,3.9,149,167,0.0,0.0,0.0,0.0,0.0,0.0,0.0,0.0,0.0,0.0,0.0,0.0,0.0,0.0,0.0,0.0,0.0,0.0,0.0,0.0,0.0,0.0,0.0,0.0,0.0,0.0,0.0,0.0,0.0,28.0,30.0,93.3,54.0,1.0,5.0,9.0,11.0,2.0,52.0,53.0,0,1,0,0,0,0,0,0,0,0,0,0,0,0,0,0,0,0,0,0,0,0,0,0,0,0,0,0,0,1,0,0,0,0,0,0,0,0,0
159.5,Dare Ogunbowale,15,22.8,103,183,24.0,0.0,0.0,0.0,2.0,0.0,0.0,0.0,0.0,0.0,0.0,0.0,0.0,0.0,0.0,0.0,0.0,0.0,0.0,0.0,0.0,0.0,0.0,0.0,0.0,0.0,0.0,0.0,0.0,0.0,0.0,0.0,0.0,0.0,0.0,0.0,0.0,0.0,0.0,0.0,0,0,0,1,0,0,0,0,0,0,0,0,0,0,0,0,0,0,0,0,0,0,0,0,0,0,0,0,0,0,0,0,0,0,0,0,1,0,0
160.1,Kenny Stills,18,14.2,135,179,26.0,6.0,1.0,0.0,15.0,15.0,1.0,1.0,0.0,1.0,3.0,37.0,6.0,553.0,14.95,0.0,0.0,0.0,0.0,64.0,1.0,0.0,0.0,0.0,0.0,0.0,0.0,0.0,0.0,0.0,0.0,0.0,0.0,0.0,0.0,0.0,0.0,0.0,0.0,0.0,0,0,0,0,0,1,0,0,0,0,0,0,0,0,0,0,0,0,0,1,0,0,0,0,0,0,0,0,0,0,0,0,0,0,0,0,0,0,0
160.2,Kaimi Fairbairn,28,10.9,131,177,0.0,0.0,0.0,0.0,0.0,0.0,0.0,0.0,0.0,0.0,0.0,0.0,0.0,0.0,0.0,0.0,0.0,0.0,0.0,0.0,0.0,0.0,0.0,0.0,0.0,0.0,0.0,0.0,0.0,37.0,42.0,88.1,54.0,1.0,9.0,11.0,12.0,4.0,39.0,41.0,0,1,0,0,0,0,0,0,0,0,0,0,0,0,0,0,0,0,0,1,0,0,0,0,0,0,0,0,0,0,0,0,0,0,0,0,0,0,0
162.3,Sam Darnold,17,13.6,129,180,21.0,1.0,5.0,2.0,13.0,13.0,414.0,239.0,15.0,17.0,2865.0,0.0,0.0,0.0,0.0,44.0,1.0,138.0,3.14,0.0,0.0,0.0,0.0,0.0,0.0,0.0,0.0,0.0,0.0,0.0,0.0,0.0,0.0,0.0,0.0,0.0,0.0,0.0,0.0,0.0,0,0,1,0,0,0,0,0,0,0,0,0,0,0,0,0,0,0,0,0,0,0,0,0,0,0,0,0,0,0,0,1,0,0,0,0,0,0,0
162.5,Seattle Defense,80,14.4,125,180,0.0,0.0,0.0,0.0,0.0,0.0,0.0,0.0,0.0,0.0,0.0,0.0,0.0,0.0,0.0,0.0,0.0,0.0,0.0,0.0,0.0,0.0,28.0,16.0,16.0,18.0,3.0,0.0,0.0,0.0,0.0,0.0,0.0,0.0,0.0,0.0,0.0,0.0,0.0,0.0,1,0,0,0,0,0,0,0,0,0,0,0,0,0,0,0,0,0,0,0,0,0,0,0,0,0,0,0,0,0,0,0,0,0,1,0,0,0,0
162.5,Tre'Quan Smith,19,10.3,145,178,22.0,5.0,0.0,0.0,15.0,7.0,0.0,0.0,0.0,0.0,0.0,28.0,5.0,427.0,15.25,0.0,0.0,0.0,0.0,44.0,0.0,0.0,0.0,0.0,0.0,0.0,0.0,0.0,0.0,0.0,0.0,0.0,0.0,0.0,0.0,0.0,0.0,0.0,0.0,0.0,0,0,0,0,0,1,0,0,0,0,0,0,0,0,0,0,0,0,0,0,0,0,0,0,0,0,0,0,0,1,0,0,0,0,0,0,0,0,0
162.7,Philadelphia Defense,87,11.5,132,180,0.0,0.0,0.0,0.0,0.0,0.0,0.0,0.0,0.0,0.0,0.0,0.0,0.0,0.0,0.0,0.0,0.0,0.0,0.0,0.0,0.0,0.0,43.0,11.0,9.0,15.0,3.0,0.0,0.0,0.0,0.0,0.0,0.0,0.0,0.0,0.0,0.0,0.0,0.0,0.0,1,0,0,0,0,0,0,0,0,0,0,0,0,0,0,0,0,0,0,0,0,0,0,0,0,0,0,0,0,0,0,0,1,0,0,0,0,0,0
163.3,Deebo Samuel,20,8.1,154,179,0.0,0.0,0.0,0.0,0.0,0.0,0.0,0.0,0.0,0.0,0.0,0.0,0.0,0.0,0.0,0.0,0.0,0.0,0.0,0.0,0.0,0.0,0.0,0.0,0.0,0.0,0.0,0.0,0.0,0.0,0.0,0.0,0.0,0.0,0.0,0.0,0.0,0.0,0.0,0.0,0,0,0,0,0,1,0,0,0,0,0,0,0,0,0,0,0,0,0,0,0,0,0,0,0,0,0,0,0,0,0,0,0,0,0,1,0,0,0
163.6,Miles Boykin,23,14.9,124,180,0.0,0.0,0.0,0.0,0.0,0.0,0.0,0.0,0.0,0.0,0.0,0.0,0.0,0.0,0.0,0.0,0.0,0.0,0.0,0.0,0.0,0.0,0.0,0.0,0.0,0.0,0.0,0.0,0.0,0.0,0.0,0.0,0.0,0.0,0.0,0.0,0.0,0.0,0.0,0.0,0,0,0,0,0,1,0,0,1,0,0,0,0,0,0,0,0,0,0,0,0,0,0,0,0,0,0,0,0,0,0,0,0,0,0,0,0,0,0
164.4,Jacoby Brissett,16,11.3,135,175,26.0,0.0,0.0,0.0,4.0,0.0,4.0,2.0,0.0,0.0,2.0,0.0,0.0,0.0,0.0,7.0,0.0,-7.0,-1.0,0.0,0.0,0.0,0.0,0.0,0.0,0.0,0.0,0.0,0.0,0.0,0.0,0.0,0.0,0.0,0.0,0.0,0.0,0.0,0.0,0.0,0,0,1,0,0,0,0,0,0,0,0,0,0,0,0,0,0,0,0,0,1,0,0,0,0,0,0,0,0,0,0,0,0,0,0,0,0,0,0
164.9,Robbie Gould,19,4.0,161,174,0.0,0.0,0.0,0.0,0.0,0.0,0.0,0.0,0.0,0.0,0.0,0.0,0.0,0.0,0.0,0.0,0.0,0.0,0.0,0.0,0.0,0.0,0.0,0.0,0.0,0.0,0.0,0.0,0.0,33.0,34.0,97.1,53.0,0.0,9.0,13.0,9.0,2.0,27.0,29.0,0,1,0,0,0,0,0,0,0,0,0,0,0,0,0,0,0,0,0,0,0,0,0,0,0,0,0,0,0,0,0,0,0,0,0,1,0,0,0
165.4,Matthew Stafford,29,12.7,140,186,30.0,0.0,6.0,4.0,16.0,16.0,555.0,367.0,11.0,21.0,3777.0,0.0,0.0,0.0,0.0,25.0,0.0,71.0,2.84,0.0,0.0,0.0,0.0,0.0,0.0,0.0,0.0,0.0,0.0,0.0,0.0,0.0,0.0,0.0,0.0,0.0,0.0,0.0,0.0,0.0,0,0,1,0,0,0,0,0,0,0,0,0,0,0,0,0,1,0,0,0,0,0,0,0,0,0,0,0,0,0,0,0,0,0,0,0,0,0,0
166.9,Malcolm Brown,30,14.1,130,180,25.0,1.0,0.0,0.0,12.0,0.0,0.0,0.0,0.0,0.0,0.0,5.0,1.0,52.0,10.4,43.0,0.0,212.0,4.93,7.0,1.0,0.0,0.0,0.0,0.0,0.0,0.0,0.0,0.0,0.0,0.0,0.0,0.0,0.0,0.0,0.0,0.0,0.0,0.0,0.0,0,0,0,1,0,0,0,0,0,0,0,0,0,0,0,0,0,0,0,0,0,0,0,0,1,0,0,0,0,0,0,0,0,0,0,0,0,0,0
167.4,Houston Defense,29,12.2,136,180,0.0,0.0,0.0,0.0,0.0,0.0,0.0,0.0,0.0,0.0,0.0,0.0,0.0,0.0,0.0,0.0,0.0,0.0,0.0,0.0,0.0,0.0,31.0,12.0,10.0,14.0,2.0,0.0,0.0,0.0,0.0,0.0,0.0,0.0,0.0,0.0,0.0,0.0,0.0,0.0,1,0,0,0,0,0,0,0,0,0,0,0,0,0,0,0,0,0,0,1,0,0,0,0,0,0,0,0,0,0,0,0,0,0,0,0,0,0,0
168.0,Jake Elliott,17,5.1,162,179,0.0,0.0,0.0,0.0,0.0,0.0,0.0,0.0,0.0,0.0,0.0,0.0,0.0,0.0,0.0,0.0,0.0,0.0,0.0,0.0,0.0,0.0,0.0,0.0,0.0,0.0,0.0,0.0,0.0,26.0,31.0,83.9,56.0,0.0,7.0,10.0,7.0,2.0,33.0,35.0,0,1,0,0,0,0,0,0,0,0,0,0,0,0,0,0,0,0,0,0,0,0,0,0,0,0,0,0,0,0,0,0,1,0,0,0,0,0,0
168.7,Michael Badgley,17,4.8,162,179,0.0,0.0,0.0,0.0,0.0,0.0,0.0,0.0,0.0,0.0,0.0,0.0,0.0,0.0,0.0,0.0,0.0,0.0,0.0,0.0,0.0,0.0,0.0,0.0,0.0,0.0,0.0,0.0,0.0,15.0,16.0,93.8,59.0,0.0,4.0,5.0,5.0,1.0,27.0,28.0,0,1,0,0,0,0,0,0,0,0,0,0,0,0,0,0,0,0,0,0,0,0,0,1,0,0,0,0,0,0,0,0,0,0,0,0,0,0,0
169.8,Mason Crosby,24,2.8,166,176,0.0,0.0,0.0,0.0,0.0,0.0,0.0,0.0,0.0,0.0,0.0,0.0,0.0,0.0,0.0,0.0,0.0,0.0,0.0,0.0,0.0,0.0,0.0,0.0,0.0,0.0,0.0,0.0,0.0,30.0,37.0,81.1,53.0,0.0,4.0,10.0,11.0,5.0,34.0,36.0,0,1,0,0,0,0,0,0,0,0,0,0,0,0,0,0,0,0,1,0,0,0,0,0,0,0,0,0,0,0,0,0,0,0,0,0,0,0,0
170.1,Mohamed Sanu,17,10.6,142,180,29.0,4.0,2.0,1.0,16.0,16.0,2.0,1.0,0.0,1.0,5.0,66.0,4.0,838.0,12.7,7.0,0.0,44.0,6.29,94.0,1.0,0.0,0.0,0.0,0.0,0.0,0.0,0.0,0.0,0.0,0.0,0.0,0.0,0.0,0.0,0.0,0.0,0.0,0.0,0.0,0,0,0,0,0,1,0,0,0,0,0,0,0,0,0,0,0,0,0,0,0,0,0,0,0,0,0,0,1,0,0,0,0,0,0,0,0,0,0
171.2,Matt Prater,13,5.2,163,178,0.0,0.0,0.0,0.0,0.0,0.0,0.0,0.0,0.0,0.0,0.0,0.0,0.0,0.0,0.0,0.0,0.0,0.0,0.0,0.0,0.0,0.0,0.0,0.0,0.0,0.0,0.0,0.0,0.0,28.0,32.0,87.5,54.0,0.0,8.0,12.0,5.0,3.0,30.0,30.0,0,1,0,0,0,0,0,0,0,0,0,0,0,0,0,0,1,0,0,0,0,0,0,0,0,0,0,0,0,0,0,0,0,0,0,0,0,0,0
171.8,Buffalo Defense,38,9.8,146,191,0.0,0.0,0.0,0.0,0.0,0.0,0.0,0.0,0.0,0.0,0.0,0.0,0.0,0.0,0.0,0.0,0.0,0.0,0.0,0.0,0.0,0.0,44.0,14.0,9.0,15.0,0.0,1.0,1.0,0.0,0.0,0.0,0.0,0.0,0.0,0.0,0.0,0.0,0.0,0.0,1,0,0,0,0,0,0,0,0,1,0,0,0,0,0,0,0,0,0,0,0,0,0,0,0,0,0,0,0,0,0,0,0,0,0,0,0,0,0
172.0,Brett Maher,32,10.4,145,186,0.0,0.0,0.0,0.0,0.0,0.0,0.0,0.0,0.0,0.0,0.0,0.0,0.0,0.0,0.0,0.0,0.0,0.0,0.0,0.0,0.0,0.0,0.0,0.0,0.0,0.0,0.0,0.0,0.0,29.0,36.0,80.6,62.0,0.0,10.0,6.0,7.0,6.0,32.0,33.0,0,1,0,0,0,0,0,0,0,0,0,0,0,0,1,0,0,0,0,0,0,0,0,0,0,0,0,0,0,0,0,0,0,0,0,0,0,0,0
172.3,Dan Bailey,18,4.8,166,180,0.0,0.0,0.0,0.0,0.0,0.0,0.0,0.0,0.0,0.0,0.0,0.0,0.0,0.0,0.0,0.0,0.0,0.0,0.0,0.0,0.0,0.0,0.0,0.0,0.0,0.0,0.0,0.0,0.0,21.0,28.0,75.0,52.0,0.0,5.0,11.0,4.0,1.0,30.0,31.0,0,1,0,0,0,0,0,0,0,0,0,0,0,0,0,0,0,0,0,0,0,0,0,0,0,0,0,1,0,0,0,0,0,0,0,0,0,0,0
